#CHROM,POS,VCF_Filename
chr1,chr1,HWJCCDRX3_ACCTCTGTATGCCTAG.final.name.vcf
chr1,chr1,HWJCCDRX3_ACCTCTGTATGCCTAG.final.name.vcf
chr1,chr1,HWJCCDRX3_ACCTCTGTATGCCTAG.final.name.vcf
chr1,chr1,HWJCCDRX3_ACCTCTGTATGCCTAG.final.name.vcf
chr1,chr1,HWJCCDRX3_ACCTCTGTATGCCTAG.final.name.vcf
chr1,chr1,HWJCCDRX3_GTGAGCTTCGGATCAA.final.name.vcf
chr1,chr1,HWJCCDRX3_GTGAGCTTCGGATCAA.final.name.vcf
chr1,chr1,HWJCCDRX3_GTGAGCTTCGGATCAA.final.name.vcf
chr1,chr1,HWJCCDRX3_GTGAGCTTCGGATCAA.final.name.vcf
chr1,chr1,HWJCCDRX3_GTGAGCTTCGGATCAA.final.name.vcf
chr1,chr1,HWJCCDRX3_CCAGTGTTCTAGCAGT.final.name.vcf
chr1,chr1,HWJCCDRX3_CCAGTGTTCTAGCAGT.final.name.vcf
chr1,chr1,HWJCCDRX3_CCAGTGTTCTAGCAGT.final.name.vcf
chr1,chr1,HWJCCDRX3_CCAGTGTTCTAGCAGT.final.name.vcf
chr1,chr1,HWJCCDRX3_CCAGTGTTCTAGCAGT.final.name.vcf
chr1,chr1,HWJCCDRX3_ACGGAACAACGAGAAC.final.name.vcf
chr1,chr1,HWJCCDRX3_ACGGAACAACGAGAAC.final.name.vcf
chr1,chr1,HWJCCDRX3_ACGGAACAACGAGAAC.final.name.vcf
chr1,chr1,HWJCCDRX3_ACGGAACAACGAGAAC.final.name.vcf
chr1,chr1,HWJCCDRX3_ACGGAACAACGAGAAC.final.name.vcf
chr1,chr1,HWJCCDRX3_GAGATGTCTAGTCAGC.final.name.vcf
chr1,chr1,HWJCCDRX3_GAGATGTCTAGTCAGC.final.name.vcf
chr1,chr1,HWJCCDRX3_GAGATGTCTAGTCAGC.final.name.vcf
chr1,chr1,HWJCCDRX3_GAGATGTCTAGTCAGC.final.name.vcf
chr1,chr1,HWJCCDRX3_GAGATGTCTAGTCAGC.final.name.vcf
chr1,chr1,HWJCCDRX3_ACTGCTAGAACACTGG.final.name.vcf
chr1,chr1,HWJCCDRX3_ACTGCTAGAACACTGG.final.name.vcf
chr1,chr1,HWJCCDRX3_ACTGCTAGAACACTGG.final.name.vcf
chr1,chr1,HWJCCDRX3_ACTGCTAGAACACTGG.final.name.vcf
chr1,chr1,HWJCCDRX3_ACTGCTAGAACACTGG.final.name.vcf
chr1,chr1,HWJCCDRX3_CAAGGTCTGATGCTAC.final.name.vcf
chr1,chr1,HWJCCDRX3_CAAGGTCTGATGCTAC.final.name.vcf
chr1,chr1,HWJCCDRX3_CAAGGTCTGATGCTAC.final.name.vcf
chr1,chr1,HWJCCDRX3_CAAGGTCTGATGCTAC.final.name.vcf
chr1,chr1,HWJCCDRX3_CAAGGTCTGATGCTAC.final.name.vcf
chr1,chr1,HWJCCDRX3_CAGTTCTGGTCAGTCA.final.name.vcf
chr1,chr1,HWJCCDRX3_CAGTTCTGGTCAGTCA.final.name.vcf
chr1,chr1,HWJCCDRX3_CAGTTCTGGTCAGTCA.final.name.vcf
chr1,chr1,HWJCCDRX3_CAGTTCTGGTCAGTCA.final.name.vcf
chr1,chr1,HWJCCDRX3_CAGTTCTGGTCAGTCA.final.name.vcf
chr1,chr1,HWJCCDRX3_CATTCGGTAATTCCGG.final.name.vcf
chr1,chr1,HWJCCDRX3_CATTCGGTAATTCCGG.final.name.vcf
chr1,chr1,HWJCCDRX3_CATTCGGTAATTCCGG.final.name.vcf
chr1,chr1,HWJCCDRX3_CATTCGGTAATTCCGG.final.name.vcf
chr1,chr1,HWJCCDRX3_CATTCGGTAATTCCGG.final.name.vcf
chr1,chr1,HWJCCDRX3_TTGATCCGAAGCTCAC.final.name.vcf
chr1,chr1,HWJCCDRX3_TTGATCCGAAGCTCAC.final.name.vcf
chr1,chr1,HWJCCDRX3_TTGATCCGAAGCTCAC.final.name.vcf
chr1,chr1,HWJCCDRX3_TTGATCCGAAGCTCAC.final.name.vcf
chr1,chr1,HWJCCDRX3_TTGATCCGAAGCTCAC.final.name.vcf
chr1,chr1,HWJCCDRX3_TCCGAGTTAAGACCGT.final.name.vcf
chr1,chr1,HWJCCDRX3_TCCGAGTTAAGACCGT.final.name.vcf
chr1,chr1,HWJCCDRX3_TCCGAGTTAAGACCGT.final.name.vcf
chr1,chr1,HWJCCDRX3_TCCGAGTTAAGACCGT.final.name.vcf
chr1,chr1,HWJCCDRX3_TCCGAGTTAAGACCGT.final.name.vcf
chr1,chr1,HWJCCDRX3_CGTCAATGCCAACACT.final.name.vcf
chr1,chr1,HWJCCDRX3_CGTCAATGCCAACACT.final.name.vcf
chr1,chr1,HWJCCDRX3_CGTCAATGCCAACACT.final.name.vcf
chr1,chr1,HWJCCDRX3_CGTCAATGCCAACACT.final.name.vcf
chr1,chr1,HWJCCDRX3_CGTCAATGCCAACACT.final.name.vcf
chr1,chr1,HWJCCDRX3_AGTCTGTGCCTACCTA.final.name.vcf
chr1,chr1,HWJCCDRX3_AGTCTGTGCCTACCTA.final.name.vcf
chr1,chr1,HWJCCDRX3_AGTCTGTGCCTACCTA.final.name.vcf
chr1,chr1,HWJCCDRX3_AGTCTGTGCCTACCTA.final.name.vcf
chr1,chr1,HWJCCDRX3_AGTCTGTGCCTACCTA.final.name.vcf
chr1,chr1,HWJCCDRX3_AACGACGTTCAATCCG.final.name.vcf
chr1,chr1,HWJCCDRX3_AACGACGTTCAATCCG.final.name.vcf
chr1,chr1,HWJCCDRX3_AACGACGTTCAATCCG.final.name.vcf
chr1,chr1,HWJCCDRX3_AACGACGTTCAATCCG.final.name.vcf
chr1,chr1,HWJCCDRX3_AACGACGTTCAATCCG.final.name.vcf
chr1,chr1,HWJCCDRX3_CGTACGAAAGATACGG.final.name.vcf
chr1,chr1,HWJCCDRX3_CGTACGAAAGATACGG.final.name.vcf
chr1,chr1,HWJCCDRX3_CGTACGAAAGATACGG.final.name.vcf
chr1,chr1,HWJCCDRX3_CGTACGAAAGATACGG.final.name.vcf
chr1,chr1,HWJCCDRX3_CGTACGAAAGATACGG.final.name.vcf
chr1,chr1,HWJCCDRX3_GAGACGATACCGGTTA.final.name.vcf
chr1,chr1,HWJCCDRX3_GAGACGATACCGGTTA.final.name.vcf
chr1,chr1,HWJCCDRX3_GAGACGATACCGGTTA.final.name.vcf
chr1,chr1,HWJCCDRX3_GAGACGATACCGGTTA.final.name.vcf
chr1,chr1,HWJCCDRX3_GAGACGATACCGGTTA.final.name.vcf
chr1,chr1,HWJCCDRX3_CTCATCAGTACTAGCG.final.name.vcf
chr1,chr1,HWJCCDRX3_CTCATCAGTACTAGCG.final.name.vcf
chr1,chr1,HWJCCDRX3_CTCATCAGTACTAGCG.final.name.vcf
chr1,chr1,HWJCCDRX3_CTCATCAGTACTAGCG.final.name.vcf
chr1,chr1,HWJCCDRX3_CTCATCAGTACTAGCG.final.name.vcf
chr1,chr1,HWJCCDRX3_AGCGTGTTCTTCGCAA.final.name.vcf
chr1,chr1,HWJCCDRX3_AGCGTGTTCTTCGCAA.final.name.vcf
chr1,chr1,HWJCCDRX3_AGCGTGTTCTTCGCAA.final.name.vcf
chr1,chr1,HWJCCDRX3_AGCGTGTTCTTCGCAA.final.name.vcf
chr1,chr1,HWJCCDRX3_AGCGTGTTCTTCGCAA.final.name.vcf
chr1,chr1,HWJCCDRX3_TACGCCTTGCTACTCT.final.name.vcf
chr1,chr1,HWJCCDRX3_TACGCCTTGCTACTCT.final.name.vcf
chr1,chr1,HWJCCDRX3_TACGCCTTGCTACTCT.final.name.vcf
chr1,chr1,HWJCCDRX3_TACGCCTTGCTACTCT.final.name.vcf
chr1,chr1,HWJCCDRX3_TACGCCTTGCTACTCT.final.name.vcf
chr1,chr1,HWJCCDRX3_CGGATTGAACGTCGTT.final.name.vcf
chr1,chr1,HWJCCDRX3_CGGATTGAACGTCGTT.final.name.vcf
chr1,chr1,HWJCCDRX3_CGGATTGAACGTCGTT.final.name.vcf
chr1,chr1,HWJCCDRX3_CGGATTGAACGTCGTT.final.name.vcf
chr1,chr1,HWJCCDRX3_CGGATTGAACGTCGTT.final.name.vcf
chr1,chr1,HWJCCDRX3_CTAGGTGACTATCCAC.final.name.vcf
chr1,chr1,HWJCCDRX3_CTAGGTGACTATCCAC.final.name.vcf
chr1,chr1,HWJCCDRX3_CTAGGTGACTATCCAC.final.name.vcf
chr1,chr1,HWJCCDRX3_CTAGGTGACTATCCAC.final.name.vcf
chr2,chr2,HWJCCDRX3_CTAGGTGACTATCCAC.final.name.vcf
chr1,chr1,HWJCCDRX3_CCGACTATTCAGACAC.final.name.vcf
chr1,chr1,HWJCCDRX3_CCGACTATTCAGACAC.final.name.vcf
chr1,chr1,HWJCCDRX3_CCGACTATTCAGACAC.final.name.vcf
chr2,chr2,HWJCCDRX3_CCGACTATTCAGACAC.final.name.vcf
chr2,chr2,HWJCCDRX3_CCGACTATTCAGACAC.final.name.vcf
chr1,chr1,HWJCCDRX3_ATGCACGAAGATCGTC.final.name.vcf
chr1,chr1,HWJCCDRX3_ATGCACGAAGATCGTC.final.name.vcf
chr1,chr1,HWJCCDRX3_ATGCACGAAGATCGTC.final.name.vcf
chr1,chr1,HWJCCDRX3_ATGCACGAAGATCGTC.final.name.vcf
chr1,chr1,HWJCCDRX3_ATGCACGAAGATCGTC.final.name.vcf
chr1,chr1,HWJCCDRX3_ACCTTCTCGAACGAAG.final.name.vcf
chr1,chr1,HWJCCDRX3_ACCTTCTCGAACGAAG.final.name.vcf
chr1,chr1,HWJCCDRX3_ACCTTCTCGAACGAAG.final.name.vcf
chr1,chr1,HWJCCDRX3_ACCTTCTCGAACGAAG.final.name.vcf
chr1,chr1,HWJCCDRX3_ACCTTCTCGAACGAAG.final.name.vcf
chr1,chr1,HWJCCDRX3_CGACGTTACTCTGGAT.final.name.vcf
chr1,chr1,HWJCCDRX3_CGACGTTACTCTGGAT.final.name.vcf
chr1,chr1,HWJCCDRX3_CGACGTTACTCTGGAT.final.name.vcf
chr1,chr1,HWJCCDRX3_CGACGTTACTCTGGAT.final.name.vcf
chr1,chr1,HWJCCDRX3_CGACGTTACTCTGGAT.final.name.vcf
chr1,chr1,HWJCCDRX3_AAGAGCCATGGTGAAG.final.name.vcf
chr1,chr1,HWJCCDRX3_AAGAGCCATGGTGAAG.final.name.vcf
chr1,chr1,HWJCCDRX3_AAGAGCCATGGTGAAG.final.name.vcf
chr1,chr1,HWJCCDRX3_AAGAGCCATGGTGAAG.final.name.vcf
chr1,chr1,HWJCCDRX3_AAGAGCCATGGTGAAG.final.name.vcf
chr1,chr1,HWJCCDRX3_GTTAAGGCACCTTCGA.final.name.vcf
chr1,chr1,HWJCCDRX3_GTTAAGGCACCTTCGA.final.name.vcf
chr1,chr1,HWJCCDRX3_GTTAAGGCACCTTCGA.final.name.vcf
chr1,chr1,HWJCCDRX3_GTTAAGGCACCTTCGA.final.name.vcf
chr1,chr1,HWJCCDRX3_GTTAAGGCACCTTCGA.final.name.vcf
chr1,chr1,HWJCCDRX3_AGCGGAATACTGCACT.final.name.vcf
chr1,chr1,HWJCCDRX3_AGCGGAATACTGCACT.final.name.vcf
chr1,chr1,HWJCCDRX3_AGCGGAATACTGCACT.final.name.vcf
chr1,chr1,HWJCCDRX3_AGCGGAATACTGCACT.final.name.vcf
chr1,chr1,HWJCCDRX3_AGCGGAATACTGCACT.final.name.vcf
chr1,chr1,HWJCCDRX3_CGAGACTACCTCGTTA.final.name.vcf
chr1,chr1,HWJCCDRX3_CGAGACTACCTCGTTA.final.name.vcf
chr1,chr1,HWJCCDRX3_CGAGACTACCTCGTTA.final.name.vcf
chr1,chr1,HWJCCDRX3_CGAGACTACCTCGTTA.final.name.vcf
chr1,chr1,HWJCCDRX3_CGAGACTACCTCGTTA.final.name.vcf
chr1,chr1,HWJCCDRX3_TCACGTTCCACCAGTT.final.name.vcf
chr1,chr1,HWJCCDRX3_TCACGTTCCACCAGTT.final.name.vcf
chr1,chr1,HWJCCDRX3_TCACGTTCCACCAGTT.final.name.vcf
chr1,chr1,HWJCCDRX3_TCACGTTCCACCAGTT.final.name.vcf
chr1,chr1,HWJCCDRX3_TCACGTTCCACCAGTT.final.name.vcf
chr1,chr1,HWJCCDRX3_AATACGCGTGCGATAG.final.name.vcf
chr1,chr1,HWJCCDRX3_AATACGCGTGCGATAG.final.name.vcf
chr1,chr1,HWJCCDRX3_AATACGCGTGCGATAG.final.name.vcf
chr1,chr1,HWJCCDRX3_AATACGCGTGCGATAG.final.name.vcf
chr1,chr1,HWJCCDRX3_AATACGCGTGCGATAG.final.name.vcf
chr1,chr1,HWJCCDRX3_TGGACTCTTCTTACGG.final.name.vcf
chr1,chr1,HWJCCDRX3_TGGACTCTTCTTACGG.final.name.vcf
chr1,chr1,HWJCCDRX3_TGGACTCTTCTTACGG.final.name.vcf
chr2,chr2,HWJCCDRX3_TGGACTCTTCTTACGG.final.name.vcf
chr2,chr2,HWJCCDRX3_TGGACTCTTCTTACGG.final.name.vcf
chr1,chr1,HWJCCDRX3_GTTGACCTCAGTGCTT.final.name.vcf
chr1,chr1,HWJCCDRX3_GTTGACCTCAGTGCTT.final.name.vcf
chr1,chr1,HWJCCDRX3_GTTGACCTCAGTGCTT.final.name.vcf
chr1,chr1,HWJCCDRX3_GTTGACCTCAGTGCTT.final.name.vcf
chr2,chr2,HWJCCDRX3_GTTGACCTCAGTGCTT.final.name.vcf
chr1,chr1,HWJCCDRX3_AGCTTGAGGATCAGAC.final.name.vcf
chr1,chr1,HWJCCDRX3_AGCTTGAGGATCAGAC.final.name.vcf
chr1,chr1,HWJCCDRX3_AGCTTGAGGATCAGAC.final.name.vcf
chr1,chr1,HWJCCDRX3_AGCTTGAGGATCAGAC.final.name.vcf
chr2,chr2,HWJCCDRX3_AGCTTGAGGATCAGAC.final.name.vcf
chr1,chr1,HWJCCDRX3_GAGCTTGTCCTCGAAT.final.name.vcf
chr1,chr1,HWJCCDRX3_GAGCTTGTCCTCGAAT.final.name.vcf
chr1,chr1,HWJCCDRX3_GAGCTTGTCCTCGAAT.final.name.vcf
chr1,chr1,HWJCCDRX3_GAGCTTGTCCTCGAAT.final.name.vcf
chr1,chr1,HWJCCDRX3_GAGCTTGTCCTCGAAT.final.name.vcf
chr1,chr1,HWJCCDRX3_TCTCTAGGACGGTACA.final.name.vcf
chr1,chr1,HWJCCDRX3_TCTCTAGGACGGTACA.final.name.vcf
chr1,chr1,HWJCCDRX3_TCTCTAGGACGGTACA.final.name.vcf
chr1,chr1,HWJCCDRX3_TCTCTAGGACGGTACA.final.name.vcf
chr2,chr2,HWJCCDRX3_TCTCTAGGACGGTACA.final.name.vcf
chr1,chr1,HWJCCDRX3_GCCACTTAGAGTAGAG.final.name.vcf
chr1,chr1,HWJCCDRX3_GCCACTTAGAGTAGAG.final.name.vcf
chr1,chr1,HWJCCDRX3_GCCACTTAGAGTAGAG.final.name.vcf
chr2,chr2,HWJCCDRX3_GCCACTTAGAGTAGAG.final.name.vcf
chr2,chr2,HWJCCDRX3_GCCACTTAGAGTAGAG.final.name.vcf
chr1,chr1,HWJCCDRX3_TCAGACGAACTGCTTG.final.name.vcf
chr1,chr1,HWJCCDRX3_TCAGACGAACTGCTTG.final.name.vcf
chr1,chr1,HWJCCDRX3_TCAGACGAACTGCTTG.final.name.vcf
chr1,chr1,HWJCCDRX3_TCAGACGAACTGCTTG.final.name.vcf
chr1,chr1,HWJCCDRX3_TCAGACGAACTGCTTG.final.name.vcf
chr1,chr1,HWJCCDRX3_ATCGCCATTGCGTAAC.final.name.vcf
chr1,chr1,HWJCCDRX3_ATCGCCATTGCGTAAC.final.name.vcf
chr1,chr1,HWJCCDRX3_ATCGCCATTGCGTAAC.final.name.vcf
chr1,chr1,HWJCCDRX3_ATCGCCATTGCGTAAC.final.name.vcf
chr1,chr1,HWJCCDRX3_ATCGCCATTGCGTAAC.final.name.vcf
chr1,chr1,HWJCCDRX3_AGGTTCGAAAGCGACT.final.name.vcf
chr1,chr1,HWJCCDRX3_AGGTTCGAAAGCGACT.final.name.vcf
chr1,chr1,HWJCCDRX3_AGGTTCGAAAGCGACT.final.name.vcf
chr1,chr1,HWJCCDRX3_AGGTTCGAAAGCGACT.final.name.vcf
chr2,chr2,HWJCCDRX3_AGGTTCGAAAGCGACT.final.name.vcf
chr1,chr1,HWJCCDRX3_CAGCGATTCTCTCAGA.final.name.vcf
chr1,chr1,HWJCCDRX3_CAGCGATTCTCTCAGA.final.name.vcf
chr1,chr1,HWJCCDRX3_CAGCGATTCTCTCAGA.final.name.vcf
chr1,chr1,HWJCCDRX3_CAGCGATTCTCTCAGA.final.name.vcf
chr1,chr1,HWJCCDRX3_CAGCGATTCTCTCAGA.final.name.vcf
chr1,chr1,HWJCCDRX3_CGAAGAACCCTAAGTC.final.name.vcf
chr1,chr1,HWJCCDRX3_CGAAGAACCCTAAGTC.final.name.vcf
chr1,chr1,HWJCCDRX3_CGAAGAACCCTAAGTC.final.name.vcf
chr1,chr1,HWJCCDRX3_CGAAGAACCCTAAGTC.final.name.vcf
chr1,chr1,HWJCCDRX3_CGAAGAACCCTAAGTC.final.name.vcf
chr1,chr1,HWJCCDRX3_AGCACTTCACGTCCAA.final.name.vcf
chr1,chr1,HWJCCDRX3_AGCACTTCACGTCCAA.final.name.vcf
chr1,chr1,HWJCCDRX3_AGCACTTCACGTCCAA.final.name.vcf
chr1,chr1,HWJCCDRX3_AGCACTTCACGTCCAA.final.name.vcf
chr1,chr1,HWJCCDRX3_AGCACTTCACGTCCAA.final.name.vcf
chr1,chr1,HWJCCDRX3_CGGCTAATCTCGTTCT.final.name.vcf
chr1,chr1,HWJCCDRX3_CGGCTAATCTCGTTCT.final.name.vcf
chr1,chr1,HWJCCDRX3_CGGCTAATCTCGTTCT.final.name.vcf
chr1,chr1,HWJCCDRX3_CGGCTAATCTCGTTCT.final.name.vcf
chr1,chr1,HWJCCDRX3_CGGCTAATCTCGTTCT.final.name.vcf
chr1,chr1,HWJCCDRX3_TCGCATTGACAGCAAG.final.name.vcf
chr1,chr1,HWJCCDRX3_TCGCATTGACAGCAAG.final.name.vcf
chr1,chr1,HWJCCDRX3_TCGCATTGACAGCAAG.final.name.vcf
chr1,chr1,HWJCCDRX3_TCGCATTGACAGCAAG.final.name.vcf
chr1,chr1,HWJCCDRX3_TCGCATTGACAGCAAG.final.name.vcf
chr1,chr1,HWJCCDRX3_GCGTCATTCAGACGTT.final.name.vcf
chr1,chr1,HWJCCDRX3_GCGTCATTCAGACGTT.final.name.vcf
chr1,chr1,HWJCCDRX3_GCGTCATTCAGACGTT.final.name.vcf
chr1,chr1,HWJCCDRX3_GCGTCATTCAGACGTT.final.name.vcf
chr1,chr1,HWJCCDRX3_GCGTCATTCAGACGTT.final.name.vcf
chr1,chr1,HWJCCDRX3_GAGATACGCTCGAACA.final.name.vcf
chr1,chr1,HWJCCDRX3_GAGATACGCTCGAACA.final.name.vcf
chr1,chr1,HWJCCDRX3_GAGATACGCTCGAACA.final.name.vcf
chr2,chr2,HWJCCDRX3_GAGATACGCTCGAACA.final.name.vcf
chr2,chr2,HWJCCDRX3_GAGATACGCTCGAACA.final.name.vcf
chr1,chr1,HWJCCDRX3_TGAAGACGACATGCCA.final.name.vcf
chr1,chr1,HWJCCDRX3_TGAAGACGACATGCCA.final.name.vcf
chr1,chr1,HWJCCDRX3_TGAAGACGACATGCCA.final.name.vcf
chr1,chr1,HWJCCDRX3_TGAAGACGACATGCCA.final.name.vcf
chr1,chr1,HWJCCDRX3_TGAAGACGACATGCCA.final.name.vcf
chr1,chr1,HWJCCDRX3_TCCGTGAACACGATTC.final.name.vcf
chr1,chr1,HWJCCDRX3_TCCGTGAACACGATTC.final.name.vcf
chr1,chr1,HWJCCDRX3_TCCGTGAACACGATTC.final.name.vcf
chr1,chr1,HWJCCDRX3_TCCGTGAACACGATTC.final.name.vcf
chr2,chr2,HWJCCDRX3_TCCGTGAACACGATTC.final.name.vcf
chr1,chr1,HWJCCDRX3_TACCAGGAGAGAGTAC.final.name.vcf
chr1,chr1,HWJCCDRX3_TACCAGGAGAGAGTAC.final.name.vcf
chr1,chr1,HWJCCDRX3_TACCAGGAGAGAGTAC.final.name.vcf
chr1,chr1,HWJCCDRX3_TACCAGGAGAGAGTAC.final.name.vcf
chr2,chr2,HWJCCDRX3_TACCAGGAGAGAGTAC.final.name.vcf
chr1,chr1,HWJCCDRX3_GACAAGAGACGTATGG.final.name.vcf
chr1,chr1,HWJCCDRX3_GACAAGAGACGTATGG.final.name.vcf
chr1,chr1,HWJCCDRX3_GACAAGAGACGTATGG.final.name.vcf
chr1,chr1,HWJCCDRX3_GACAAGAGACGTATGG.final.name.vcf
chr1,chr1,HWJCCDRX3_GACAAGAGACGTATGG.final.name.vcf
chr1,chr1,HWJCCDRX3_TGTTCGAGCGTATCTC.final.name.vcf
chr1,chr1,HWJCCDRX3_TGTTCGAGCGTATCTC.final.name.vcf
chr1,chr1,HWJCCDRX3_TGTTCGAGCGTATCTC.final.name.vcf
chr1,chr1,HWJCCDRX3_TGTTCGAGCGTATCTC.final.name.vcf
chr1,chr1,HWJCCDRX3_TGTTCGAGCGTATCTC.final.name.vcf
chr1,chr1,HWJCCDRX3_ACATAGGCCGCTGATA.final.name.vcf
chr1,chr1,HWJCCDRX3_ACATAGGCCGCTGATA.final.name.vcf
chr1,chr1,HWJCCDRX3_ACATAGGCCGCTGATA.final.name.vcf
chr2,chr2,HWJCCDRX3_ACATAGGCCGCTGATA.final.name.vcf
chr2,chr2,HWJCCDRX3_ACATAGGCCGCTGATA.final.name.vcf
chr1,chr1,HWJCCDRX3_CGCTAGTACTGATGAG.final.name.vcf
chr1,chr1,HWJCCDRX3_CGCTAGTACTGATGAG.final.name.vcf
chr1,chr1,HWJCCDRX3_CGCTAGTACTGATGAG.final.name.vcf
chr2,chr2,HWJCCDRX3_CGCTAGTACTGATGAG.final.name.vcf
chr2,chr2,HWJCCDRX3_CGCTAGTACTGATGAG.final.name.vcf
chr1,chr1,HWJCCDRX3_TAAGTGGCATCCGTTG.final.name.vcf
chr1,chr1,HWJCCDRX3_TAAGTGGCATCCGTTG.final.name.vcf
chr1,chr1,HWJCCDRX3_TAAGTGGCATCCGTTG.final.name.vcf
chr1,chr1,HWJCCDRX3_TAAGTGGCATCCGTTG.final.name.vcf
chr1,chr1,HWJCCDRX3_TAAGTGGCATCCGTTG.final.name.vcf
chr1,chr1,HWJCCDRX3_ACGTCGTACCATGAAC.final.name.vcf
chr1,chr1,HWJCCDRX3_ACGTCGTACCATGAAC.final.name.vcf
chr1,chr1,HWJCCDRX3_ACGTCGTACCATGAAC.final.name.vcf
chr1,chr1,HWJCCDRX3_ACGTCGTACCATGAAC.final.name.vcf
chr1,chr1,HWJCCDRX3_ACGTCGTACCATGAAC.final.name.vcf
chr1,chr1,HWJCCDRX3_AGGTCACTCGACCTAA.final.name.vcf
chr1,chr1,HWJCCDRX3_AGGTCACTCGACCTAA.final.name.vcf
chr1,chr1,HWJCCDRX3_AGGTCACTCGACCTAA.final.name.vcf
chr1,chr1,HWJCCDRX3_AGGTCACTCGACCTAA.final.name.vcf
chr2,chr2,HWJCCDRX3_AGGTCACTCGACCTAA.final.name.vcf
chr1,chr1,HWJCCDRX3_GTAGGAGTGTCCTAAG.final.name.vcf
chr1,chr1,HWJCCDRX3_GTAGGAGTGTCCTAAG.final.name.vcf
chr1,chr1,HWJCCDRX3_GTAGGAGTGTCCTAAG.final.name.vcf
chr1,chr1,HWJCCDRX3_GTAGGAGTGTCCTAAG.final.name.vcf
chr1,chr1,HWJCCDRX3_GTAGGAGTGTCCTAAG.final.name.vcf
chr1,chr1,HWJCCDRX3_GATGTGTGTAGCCATG.final.name.vcf
chr1,chr1,HWJCCDRX3_GATGTGTGTAGCCATG.final.name.vcf
chr1,chr1,HWJCCDRX3_GATGTGTGTAGCCATG.final.name.vcf
chr1,chr1,HWJCCDRX3_GATGTGTGTAGCCATG.final.name.vcf
chr1,chr1,HWJCCDRX3_GATGTGTGTAGCCATG.final.name.vcf
chr1,chr1,HWJCCDRX3_GTGCCATACTCCTAGT.final.name.vcf
chr1,chr1,HWJCCDRX3_GTGCCATACTCCTAGT.final.name.vcf
chr1,chr1,HWJCCDRX3_GTGCCATACTCCTAGT.final.name.vcf
chr1,chr1,HWJCCDRX3_GTGCCATACTCCTAGT.final.name.vcf
chr1,chr1,HWJCCDRX3_GTGCCATACTCCTAGT.final.name.vcf
chr1,chr1,HWJCCDRX3_TCAACTGGCGATTCTG.final.name.vcf
chr1,chr1,HWJCCDRX3_TCAACTGGCGATTCTG.final.name.vcf
chr1,chr1,HWJCCDRX3_TCAACTGGCGATTCTG.final.name.vcf
chr1,chr1,HWJCCDRX3_TCAACTGGCGATTCTG.final.name.vcf
chr1,chr1,HWJCCDRX3_TCAACTGGCGATTCTG.final.name.vcf
chr1,chr1,HWJCCDRX3_TCGAACCAAACCGTGT.final.name.vcf
chr1,chr1,HWJCCDRX3_TCGAACCAAACCGTGT.final.name.vcf
chr1,chr1,HWJCCDRX3_TCGAACCAAACCGTGT.final.name.vcf
chr1,chr1,HWJCCDRX3_TCGAACCAAACCGTGT.final.name.vcf
chr2,chr2,HWJCCDRX3_TCGAACCAAACCGTGT.final.name.vcf
chr1,chr1,HWJCCDRX3_GTCCTAAGCGAAGTCA.final.name.vcf
chr1,chr1,HWJCCDRX3_GTCCTAAGCGAAGTCA.final.name.vcf
chr1,chr1,HWJCCDRX3_GTCCTAAGCGAAGTCA.final.name.vcf
chr1,chr1,HWJCCDRX3_GTCCTAAGCGAAGTCA.final.name.vcf
chr1,chr1,HWJCCDRX3_GTCCTAAGCGAAGTCA.final.name.vcf
chr1,chr1,HWJCCDRX3_CAGTCTTCCCTGTCAA.final.name.vcf
chr1,chr1,HWJCCDRX3_CAGTCTTCCCTGTCAA.final.name.vcf
chr1,chr1,HWJCCDRX3_CAGTCTTCCCTGTCAA.final.name.vcf
chr1,chr1,HWJCCDRX3_CAGTCTTCCCTGTCAA.final.name.vcf
chr1,chr1,HWJCCDRX3_CAGTCTTCCCTGTCAA.final.name.vcf
chr1,chr1,HWJCCDRX3_GATCCATGCAACTCCA.final.name.vcf
chr1,chr1,HWJCCDRX3_GATCCATGCAACTCCA.final.name.vcf
chr1,chr1,HWJCCDRX3_GATCCATGCAACTCCA.final.name.vcf
chr1,chr1,HWJCCDRX3_GATCCATGCAACTCCA.final.name.vcf
chr1,chr1,HWJCCDRX3_GATCCATGCAACTCCA.final.name.vcf
chr1,chr1,HWJCCDRX3_CGTGATCAGAATGGCA.final.name.vcf
chr1,chr1,HWJCCDRX3_CGTGATCAGAATGGCA.final.name.vcf
chr1,chr1,HWJCCDRX3_CGTGATCAGAATGGCA.final.name.vcf
chr1,chr1,HWJCCDRX3_CGTGATCAGAATGGCA.final.name.vcf
chr1,chr1,HWJCCDRX3_CGTGATCAGAATGGCA.final.name.vcf
chr1,chr1,HWJCCDRX3_TGGATCACGCATTGGT.final.name.vcf
chr1,chr1,HWJCCDRX3_TGGATCACGCATTGGT.final.name.vcf
chr1,chr1,HWJCCDRX3_TGGATCACGCATTGGT.final.name.vcf
chr1,chr1,HWJCCDRX3_TGGATCACGCATTGGT.final.name.vcf
chr2,chr2,HWJCCDRX3_TGGATCACGCATTGGT.final.name.vcf
chr1,chr1,HWJCCDRX3_AGCAGATGGTACCACA.final.name.vcf
chr1,chr1,HWJCCDRX3_AGCAGATGGTACCACA.final.name.vcf
chr1,chr1,HWJCCDRX3_AGCAGATGGTACCACA.final.name.vcf
chr1,chr1,HWJCCDRX3_AGCAGATGGTACCACA.final.name.vcf
chr1,chr1,HWJCCDRX3_AGCAGATGGTACCACA.final.name.vcf
chr1,chr1,HWJCCDRX3_ACCATCCACATACGGA.final.name.vcf
chr1,chr1,HWJCCDRX3_ACCATCCACATACGGA.final.name.vcf
chr1,chr1,HWJCCDRX3_ACCATCCACATACGGA.final.name.vcf
chr1,chr1,HWJCCDRX3_ACCATCCACATACGGA.final.name.vcf
chr1,chr1,HWJCCDRX3_ACCATCCACATACGGA.final.name.vcf
chr1,chr1,HWJCCDRX3_AATGCCTCTGCTGTGA.final.name.vcf
chr1,chr1,HWJCCDRX3_AATGCCTCTGCTGTGA.final.name.vcf
chr1,chr1,HWJCCDRX3_AATGCCTCTGCTGTGA.final.name.vcf
chr1,chr1,HWJCCDRX3_AATGCCTCTGCTGTGA.final.name.vcf
chr2,chr2,HWJCCDRX3_AATGCCTCTGCTGTGA.final.name.vcf
chr1,chr1,HWJCCDRX3_TGACTGACCAGAACTG.final.name.vcf
chr1,chr1,HWJCCDRX3_TGACTGACCAGAACTG.final.name.vcf
chr1,chr1,HWJCCDRX3_TGACTGACCAGAACTG.final.name.vcf
chr1,chr1,HWJCCDRX3_TGACTGACCAGAACTG.final.name.vcf
chr2,chr2,HWJCCDRX3_TGACTGACCAGAACTG.final.name.vcf
chr1,chr1,HWJCCDRX3_TTACGGCTAAGGACCA.final.name.vcf
chr1,chr1,HWJCCDRX3_TTACGGCTAAGGACCA.final.name.vcf
chr1,chr1,HWJCCDRX3_TTACGGCTAAGGACCA.final.name.vcf
chr1,chr1,HWJCCDRX3_TTACGGCTAAGGACCA.final.name.vcf
chr1,chr1,HWJCCDRX3_TTACGGCTAAGGACCA.final.name.vcf
chr1,chr1,HWJCCDRX3_ACGTGATGGATAGCCA.final.name.vcf
chr1,chr1,HWJCCDRX3_ACGTGATGGATAGCCA.final.name.vcf
chr1,chr1,HWJCCDRX3_ACGTGATGGATAGCCA.final.name.vcf
chr1,chr1,HWJCCDRX3_ACGTGATGGATAGCCA.final.name.vcf
chr1,chr1,HWJCCDRX3_ACGTGATGGATAGCCA.final.name.vcf
chr1,chr1,HWJCCDRX3_ATCCGGTAGACCGATA.final.name.vcf
chr1,chr1,HWJCCDRX3_ATCCGGTAGACCGATA.final.name.vcf
chr1,chr1,HWJCCDRX3_ATCCGGTAGACCGATA.final.name.vcf
chr1,chr1,HWJCCDRX3_ATCCGGTAGACCGATA.final.name.vcf
chr2,chr2,HWJCCDRX3_ATCCGGTAGACCGATA.final.name.vcf
chr1,chr1,HWJCCDRX3_ATCCAGAGTAACGTCG.final.name.vcf
chr1,chr1,HWJCCDRX3_ATCCAGAGTAACGTCG.final.name.vcf
chr1,chr1,HWJCCDRX3_ATCCAGAGTAACGTCG.final.name.vcf
chr1,chr1,HWJCCDRX3_ATCCAGAGTAACGTCG.final.name.vcf
chr1,chr1,HWJCCDRX3_ATCCAGAGTAACGTCG.final.name.vcf
chr1,chr1,HWJCCDRX3_CCGTATCTTTCGTACG.final.name.vcf
chr1,chr1,HWJCCDRX3_CCGTATCTTTCGTACG.final.name.vcf
chr1,chr1,HWJCCDRX3_CCGTATCTTTCGTACG.final.name.vcf
chr1,chr1,HWJCCDRX3_CCGTATCTTTCGTACG.final.name.vcf
chr1,chr1,HWJCCDRX3_CCGTATCTTTCGTACG.final.name.vcf
chr1,chr1,HWJCCDRX3_GTTACGCAATGGCGAT.final.name.vcf
chr1,chr1,HWJCCDRX3_GTTACGCAATGGCGAT.final.name.vcf
chr1,chr1,HWJCCDRX3_GTTACGCAATGGCGAT.final.name.vcf
chr1,chr1,HWJCCDRX3_GTTACGCAATGGCGAT.final.name.vcf
chr1,chr1,HWJCCDRX3_GTTACGCAATGGCGAT.final.name.vcf
chr1,chr1,HWJCCDRX3_GCACAACTCTGAACGT.final.name.vcf
chr1,chr1,HWJCCDRX3_GCACAACTCTGAACGT.final.name.vcf
chr1,chr1,HWJCCDRX3_GCACAACTCTGAACGT.final.name.vcf
chr1,chr1,HWJCCDRX3_GCACAACTCTGAACGT.final.name.vcf
chr1,chr1,HWJCCDRX3_GCACAACTCTGAACGT.final.name.vcf
chr1,chr1,HWJCCDRX3_CGCATGATAAGCCTGA.final.name.vcf
chr1,chr1,HWJCCDRX3_CGCATGATAAGCCTGA.final.name.vcf
chr1,chr1,HWJCCDRX3_CGCATGATAAGCCTGA.final.name.vcf
chr1,chr1,HWJCCDRX3_CGCATGATAAGCCTGA.final.name.vcf
chr1,chr1,HWJCCDRX3_CGCATGATAAGCCTGA.final.name.vcf
chr1,chr1,HWJCCDRX3_CTGACACAAGAAGGAC.final.name.vcf
chr1,chr1,HWJCCDRX3_CTGACACAAGAAGGAC.final.name.vcf
chr1,chr1,HWJCCDRX3_CTGACACAAGAAGGAC.final.name.vcf
chr1,chr1,HWJCCDRX3_CTGACACAAGAAGGAC.final.name.vcf
chr1,chr1,HWJCCDRX3_CTGACACAAGAAGGAC.final.name.vcf
chr1,chr1,HWJCCDRX3_GTCTAGGTATCCACGA.final.name.vcf
chr1,chr1,HWJCCDRX3_GTCTAGGTATCCACGA.final.name.vcf
chr1,chr1,HWJCCDRX3_GTCTAGGTATCCACGA.final.name.vcf
chr1,chr1,HWJCCDRX3_GTCTAGGTATCCACGA.final.name.vcf
chr1,chr1,HWJCCDRX3_GTCTAGGTATCCACGA.final.name.vcf
chr1,chr1,HWJCCDRX3_AGGAGGAAGTAAGCAC.final.name.vcf
chr1,chr1,HWJCCDRX3_AGGAGGAAGTAAGCAC.final.name.vcf
chr1,chr1,HWJCCDRX3_AGGAGGAAGTAAGCAC.final.name.vcf
chr1,chr1,HWJCCDRX3_AGGAGGAAGTAAGCAC.final.name.vcf
chr1,chr1,HWJCCDRX3_AGGAGGAAGTAAGCAC.final.name.vcf
chr1,chr1,HWJCCDRX3_ACCACGATGTCTGCAA.final.name.vcf
chr1,chr1,HWJCCDRX3_ACCACGATGTCTGCAA.final.name.vcf
chr1,chr1,HWJCCDRX3_ACCACGATGTCTGCAA.final.name.vcf
chr1,chr1,HWJCCDRX3_ACCACGATGTCTGCAA.final.name.vcf
chr1,chr1,HWJCCDRX3_ACCACGATGTCTGCAA.final.name.vcf
chr1,chr1,HWJCCDRX3_TGACTTCGCTTAGGAC.final.name.vcf
chr1,chr1,HWJCCDRX3_TGACTTCGCTTAGGAC.final.name.vcf
chr1,chr1,HWJCCDRX3_TGACTTCGCTTAGGAC.final.name.vcf
chr2,chr2,HWJCCDRX3_TGACTTCGCTTAGGAC.final.name.vcf
chr2,chr2,HWJCCDRX3_TGACTTCGCTTAGGAC.final.name.vcf
chr1,chr1,HWJCCDRX3_TGGTCCTTAGCCGTAA.final.name.vcf
chr1,chr1,HWJCCDRX3_TGGTCCTTAGCCGTAA.final.name.vcf
chr1,chr1,HWJCCDRX3_TGGTCCTTAGCCGTAA.final.name.vcf
chr1,chr1,HWJCCDRX3_TGGTCCTTAGCCGTAA.final.name.vcf
chr1,chr1,HWJCCDRX3_TGGTCCTTAGCCGTAA.final.name.vcf
chr1,chr1,HWJCCDRX3_ATATGCGCACGATCAG.final.name.vcf
chr1,chr1,HWJCCDRX3_ATATGCGCACGATCAG.final.name.vcf
chr1,chr1,HWJCCDRX3_ATATGCGCACGATCAG.final.name.vcf
chr1,chr1,HWJCCDRX3_ATATGCGCACGATCAG.final.name.vcf
chr2,chr2,HWJCCDRX3_ATATGCGCACGATCAG.final.name.vcf
chr1,chr1,HWJCCDRX3_GCTTCGAAAGGAACAC.final.name.vcf
chr1,chr1,HWJCCDRX3_GCTTCGAAAGGAACAC.final.name.vcf
chr1,chr1,HWJCCDRX3_GCTTCGAAAGGAACAC.final.name.vcf
chr1,chr1,HWJCCDRX3_GCTTCGAAAGGAACAC.final.name.vcf
chr2,chr2,HWJCCDRX3_GCTTCGAAAGGAACAC.final.name.vcf
chr1,chr1,HWJCCDRX3_CGCTTAACAAGTCCTC.final.name.vcf
chr1,chr1,HWJCCDRX3_CGCTTAACAAGTCCTC.final.name.vcf
chr1,chr1,HWJCCDRX3_CGCTTAACAAGTCCTC.final.name.vcf
chr1,chr1,HWJCCDRX3_CGCTTAACAAGTCCTC.final.name.vcf
chr2,chr2,HWJCCDRX3_CGCTTAACAAGTCCTC.final.name.vcf
chr1,chr1,HWJCCDRX3_CGTATTCGTGTCGACT.final.name.vcf
chr1,chr1,HWJCCDRX3_CGTATTCGTGTCGACT.final.name.vcf
chr1,chr1,HWJCCDRX3_CGTATTCGTGTCGACT.final.name.vcf
chr1,chr1,HWJCCDRX3_CGTATTCGTGTCGACT.final.name.vcf
chr2,chr2,HWJCCDRX3_CGTATTCGTGTCGACT.final.name.vcf
chr1,chr1,HWJCCDRX3_CATGGCTACACACATC.final.name.vcf
chr1,chr1,HWJCCDRX3_CATGGCTACACACATC.final.name.vcf
chr1,chr1,HWJCCDRX3_CATGGCTACACACATC.final.name.vcf
chr1,chr1,HWJCCDRX3_CATGGCTACACACATC.final.name.vcf
chr1,chr1,HWJCCDRX3_CATGGCTACACACATC.final.name.vcf
chr1,chr1,HWJCCDRX3_GAAGGAAGGACGTCAT.final.name.vcf
chr1,chr1,HWJCCDRX3_GAAGGAAGGACGTCAT.final.name.vcf
chr1,chr1,HWJCCDRX3_GAAGGAAGGACGTCAT.final.name.vcf
chr1,chr1,HWJCCDRX3_GAAGGAAGGACGTCAT.final.name.vcf
chr2,chr2,HWJCCDRX3_GAAGGAAGGACGTCAT.final.name.vcf
chr1,chr1,HWJCCDRX3_TTACCGAGAGTCTTGG.final.name.vcf
chr1,chr1,HWJCCDRX3_TTACCGAGAGTCTTGG.final.name.vcf
chr1,chr1,HWJCCDRX3_TTACCGAGAGTCTTGG.final.name.vcf
chr1,chr1,HWJCCDRX3_TTACCGAGAGTCTTGG.final.name.vcf
chr1,chr1,HWJCCDRX3_TTACCGAGAGTCTTGG.final.name.vcf
chr1,chr1,HWJCCDRX3_TCTAACGCCGCCTTAT.final.name.vcf
chr1,chr1,HWJCCDRX3_TCTAACGCCGCCTTAT.final.name.vcf
chr1,chr1,HWJCCDRX3_TCTAACGCCGCCTTAT.final.name.vcf
chr1,chr1,HWJCCDRX3_TCTAACGCCGCCTTAT.final.name.vcf
chr1,chr1,HWJCCDRX3_TCTAACGCCGCCTTAT.final.name.vcf
chr1,chr1,HWJCCDRX3_CACCTGTTAGGATAGC.final.name.vcf
chr1,chr1,HWJCCDRX3_CACCTGTTAGGATAGC.final.name.vcf
chr1,chr1,HWJCCDRX3_CACCTGTTAGGATAGC.final.name.vcf
chr1,chr1,HWJCCDRX3_CACCTGTTAGGATAGC.final.name.vcf
chr1,chr1,HWJCCDRX3_CACCTGTTAGGATAGC.final.name.vcf
chr1,chr1,HWJCCDRX3_TGACGCATTCAGTAGG.final.name.vcf
chr1,chr1,HWJCCDRX3_TGACGCATTCAGTAGG.final.name.vcf
chr1,chr1,HWJCCDRX3_TGACGCATTCAGTAGG.final.name.vcf
chr1,chr1,HWJCCDRX3_TGACGCATTCAGTAGG.final.name.vcf
chr2,chr2,HWJCCDRX3_TGACGCATTCAGTAGG.final.name.vcf
chr1,chr1,HWJCCDRX3_AACCGTTCCTAGCTCA.final.name.vcf
chr1,chr1,HWJCCDRX3_AACCGTTCCTAGCTCA.final.name.vcf
chr1,chr1,HWJCCDRX3_AACCGTTCCTAGCTCA.final.name.vcf
chr1,chr1,HWJCCDRX3_AACCGTTCCTAGCTCA.final.name.vcf
chr1,chr1,HWJCCDRX3_AACCGTTCCTAGCTCA.final.name.vcf
chr1,chr1,HWJCCDRX3_GAACGCTTAAGTGCAG.final.name.vcf
chr1,chr1,HWJCCDRX3_GAACGCTTAAGTGCAG.final.name.vcf
chr1,chr1,HWJCCDRX3_GAACGCTTAAGTGCAG.final.name.vcf
chr1,chr1,HWJCCDRX3_GAACGCTTAAGTGCAG.final.name.vcf
chr1,chr1,HWJCCDRX3_GAACGCTTAAGTGCAG.final.name.vcf
chr1,chr1,HWJCCDRX3_TGGCATGTCGTCTTCA.final.name.vcf
chr1,chr1,HWJCCDRX3_TGGCATGTCGTCTTCA.final.name.vcf
chr1,chr1,HWJCCDRX3_TGGCATGTCGTCTTCA.final.name.vcf
chr1,chr1,HWJCCDRX3_TGGCATGTCGTCTTCA.final.name.vcf
chr1,chr1,HWJCCDRX3_TGGCATGTCGTCTTCA.final.name.vcf
chr1,chr1,HWJCCDRX3_CGTGTACTGTTCCATG.final.name.vcf
chr1,chr1,HWJCCDRX3_CGTGTACTGTTCCATG.final.name.vcf
chr1,chr1,HWJCCDRX3_CGTGTACTGTTCCATG.final.name.vcf
chr1,chr1,HWJCCDRX3_CGTGTACTGTTCCATG.final.name.vcf
chr1,chr1,HWJCCDRX3_CGTGTACTGTTCCATG.final.name.vcf
chr1,chr1,HWJCCDRX3_TTCCTGTGCTCCTGAA.final.name.vcf
chr1,chr1,HWJCCDRX3_TTCCTGTGCTCCTGAA.final.name.vcf
chr1,chr1,HWJCCDRX3_TTCCTGTGCTCCTGAA.final.name.vcf
chr1,chr1,HWJCCDRX3_TTCCTGTGCTCCTGAA.final.name.vcf
chr2,chr2,HWJCCDRX3_TTCCTGTGCTCCTGAA.final.name.vcf
chr1,chr1,HWJCCDRX3_CTTGTCGACGATGTTC.final.name.vcf
chr1,chr1,HWJCCDRX3_CTTGTCGACGATGTTC.final.name.vcf
chr1,chr1,HWJCCDRX3_CTTGTCGACGATGTTC.final.name.vcf
chr1,chr1,HWJCCDRX3_CTTGTCGACGATGTTC.final.name.vcf
chr1,chr1,HWJCCDRX3_CTTGTCGACGATGTTC.final.name.vcf
chr1,chr1,HWJCCDRX3_GTGAAGTGGAGCAATC.final.name.vcf
chr1,chr1,HWJCCDRX3_GTGAAGTGGAGCAATC.final.name.vcf
chr1,chr1,HWJCCDRX3_GTGAAGTGGAGCAATC.final.name.vcf
chr1,chr1,HWJCCDRX3_GTGAAGTGGAGCAATC.final.name.vcf
chr2,chr2,HWJCCDRX3_GTGAAGTGGAGCAATC.final.name.vcf
chr1,chr1,HWJCCDRX3_CTATCGCACGCGTATT.final.name.vcf
chr1,chr1,HWJCCDRX3_CTATCGCACGCGTATT.final.name.vcf
chr1,chr1,HWJCCDRX3_CTATCGCACGCGTATT.final.name.vcf
chr1,chr1,HWJCCDRX3_CTATCGCACGCGTATT.final.name.vcf
chr1,chr1,HWJCCDRX3_CTATCGCACGCGTATT.final.name.vcf
chr1,chr1,HWJCCDRX3_GTTCATGGTACGACGT.final.name.vcf
chr1,chr1,HWJCCDRX3_GTTCATGGTACGACGT.final.name.vcf
chr1,chr1,HWJCCDRX3_GTTCATGGTACGACGT.final.name.vcf
chr1,chr1,HWJCCDRX3_GTTCATGGTACGACGT.final.name.vcf
chr1,chr1,HWJCCDRX3_GTTCATGGTACGACGT.final.name.vcf
chr1,chr1,HWJCCDRX3_CCTTGATCGATGGAGT.final.name.vcf
chr1,chr1,HWJCCDRX3_CCTTGATCGATGGAGT.final.name.vcf
chr1,chr1,HWJCCDRX3_CCTTGATCGATGGAGT.final.name.vcf
chr1,chr1,HWJCCDRX3_CCTTGATCGATGGAGT.final.name.vcf
chr1,chr1,HWJCCDRX3_CCTTGATCGATGGAGT.final.name.vcf
chr1,chr1,HWJCCDRX3_TCGACATCATCGGAGA.final.name.vcf
chr1,chr1,HWJCCDRX3_TCGACATCATCGGAGA.final.name.vcf
chr1,chr1,HWJCCDRX3_TCGACATCATCGGAGA.final.name.vcf
chr2,chr2,HWJCCDRX3_TCGACATCATCGGAGA.final.name.vcf
chr2,chr2,HWJCCDRX3_TCGACATCATCGGAGA.final.name.vcf
chr1,chr1,HWJCCDRX3_CGTTATGCAACCACTC.final.name.vcf
chr1,chr1,HWJCCDRX3_CGTTATGCAACCACTC.final.name.vcf
chr1,chr1,HWJCCDRX3_CGTTATGCAACCACTC.final.name.vcf
chr2,chr2,HWJCCDRX3_CGTTATGCAACCACTC.final.name.vcf
chr2,chr2,HWJCCDRX3_CGTTATGCAACCACTC.final.name.vcf
chr1,chr1,HWJCCDRX3_GTCATCGAGATCCACT.final.name.vcf
chr1,chr1,HWJCCDRX3_GTCATCGAGATCCACT.final.name.vcf
chr1,chr1,HWJCCDRX3_GTCATCGAGATCCACT.final.name.vcf
chr1,chr1,HWJCCDRX3_GTCATCGAGATCCACT.final.name.vcf
chr1,chr1,HWJCCDRX3_GTCATCGAGATCCACT.final.name.vcf
chr1,chr1,HWJCCDRX3_TCGTAGTCCGAGTTAG.final.name.vcf
chr1,chr1,HWJCCDRX3_TCGTAGTCCGAGTTAG.final.name.vcf
chr1,chr1,HWJCCDRX3_TCGTAGTCCGAGTTAG.final.name.vcf
chr1,chr1,HWJCCDRX3_TCGTAGTCCGAGTTAG.final.name.vcf
chr1,chr1,HWJCCDRX3_TCGTAGTCCGAGTTAG.final.name.vcf
chr1,chr1,HWJCCDRX3_TAACCGGTATCGTCTC.final.name.vcf
chr1,chr1,HWJCCDRX3_TAACCGGTATCGTCTC.final.name.vcf
chr1,chr1,HWJCCDRX3_TAACCGGTATCGTCTC.final.name.vcf
chr1,chr1,HWJCCDRX3_TAACCGGTATCGTCTC.final.name.vcf
chr1,chr1,HWJCCDRX3_TAACCGGTATCGTCTC.final.name.vcf
chr1,chr1,HWJCCDRX3_TTGGTGAGCACGTCTA.final.name.vcf
chr1,chr1,HWJCCDRX3_TTGGTGAGCACGTCTA.final.name.vcf
chr1,chr1,HWJCCDRX3_TTGGTGAGCACGTCTA.final.name.vcf
chr1,chr1,HWJCCDRX3_TTGGTGAGCACGTCTA.final.name.vcf
chr1,chr1,HWJCCDRX3_TTGGTGAGCACGTCTA.final.name.vcf
chr1,chr1,HWJCCDRX3_TGGCTATCCATCACGT.final.name.vcf
chr1,chr1,HWJCCDRX3_TGGCTATCCATCACGT.final.name.vcf
chr1,chr1,HWJCCDRX3_TGGCTATCCATCACGT.final.name.vcf
chr2,chr2,HWJCCDRX3_TGGCTATCCATCACGT.final.name.vcf
chr2,chr2,HWJCCDRX3_TGGCTATCCATCACGT.final.name.vcf
chr1,chr1,HWJCCDRX3_CACCACTATGACCGTT.final.name.vcf
chr1,chr1,HWJCCDRX3_CACCACTATGACCGTT.final.name.vcf
chr1,chr1,HWJCCDRX3_CACCACTATGACCGTT.final.name.vcf
chr1,chr1,HWJCCDRX3_CACCACTATGACCGTT.final.name.vcf
chr1,chr1,HWJCCDRX3_CACCACTATGACCGTT.final.name.vcf
chr1,chr1,HWJCCDRX3_TTGGTCTCCCGTAACT.final.name.vcf
chr1,chr1,HWJCCDRX3_TTGGTCTCCCGTAACT.final.name.vcf
chr1,chr1,HWJCCDRX3_TTGGTCTCCCGTAACT.final.name.vcf
chr1,chr1,HWJCCDRX3_TTGGTCTCCCGTAACT.final.name.vcf
chr1,chr1,HWJCCDRX3_TTGGTCTCCCGTAACT.final.name.vcf
chr1,chr1,HWJCCDRX3_ATGGAAGGGTACGATC.final.name.vcf
chr1,chr1,HWJCCDRX3_ATGGAAGGGTACGATC.final.name.vcf
chr1,chr1,HWJCCDRX3_ATGGAAGGGTACGATC.final.name.vcf
chr1,chr1,HWJCCDRX3_ATGGAAGGGTACGATC.final.name.vcf
chr1,chr1,HWJCCDRX3_ATGGAAGGGTACGATC.final.name.vcf
chr1,chr1,HWJCCDRX3_AGGCTTCTGAGCTCTA.final.name.vcf
chr1,chr1,HWJCCDRX3_AGGCTTCTGAGCTCTA.final.name.vcf
chr1,chr1,HWJCCDRX3_AGGCTTCTGAGCTCTA.final.name.vcf
chr2,chr2,HWJCCDRX3_AGGCTTCTGAGCTCTA.final.name.vcf
chr2,chr2,HWJCCDRX3_AGGCTTCTGAGCTCTA.final.name.vcf
chr1,chr1,HWJCCDRX3_CTGAAGCTACTCTGAG.final.name.vcf
chr1,chr1,HWJCCDRX3_CTGAAGCTACTCTGAG.final.name.vcf
chr1,chr1,HWJCCDRX3_CTGAAGCTACTCTGAG.final.name.vcf
chr1,chr1,HWJCCDRX3_CTGAAGCTACTCTGAG.final.name.vcf
chr1,chr1,HWJCCDRX3_CTGAAGCTACTCTGAG.final.name.vcf
chr1,chr1,HWJCCDRX3_CTGTGTTGTAGGAGCT.final.name.vcf
chr1,chr1,HWJCCDRX3_CTGTGTTGTAGGAGCT.final.name.vcf
chr1,chr1,HWJCCDRX3_CTGTGTTGTAGGAGCT.final.name.vcf
chr1,chr1,HWJCCDRX3_CTGTGTTGTAGGAGCT.final.name.vcf
chr1,chr1,HWJCCDRX3_CTGTGTTGTAGGAGCT.final.name.vcf
chr1,chr1,HWJCCDRX3_GTGGATAGTCACCTAG.final.name.vcf
chr1,chr1,HWJCCDRX3_GTGGATAGTCACCTAG.final.name.vcf
chr1,chr1,HWJCCDRX3_GTGGATAGTCACCTAG.final.name.vcf
chr1,chr1,HWJCCDRX3_GTGGATAGTCACCTAG.final.name.vcf
chr1,chr1,HWJCCDRX3_GTGGATAGTCACCTAG.final.name.vcf
chr1,chr1,HWJCCDRX3_CAGGTTAGAATCCAGC.final.name.vcf
chr1,chr1,HWJCCDRX3_CAGGTTAGAATCCAGC.final.name.vcf
chr1,chr1,HWJCCDRX3_CAGGTTAGAATCCAGC.final.name.vcf
chr1,chr1,HWJCCDRX3_CAGGTTAGAATCCAGC.final.name.vcf
chr1,chr1,HWJCCDRX3_CAGGTTAGAATCCAGC.final.name.vcf
chr1,chr1,HWJCCDRX3_ACTGAGGTGTCAACAG.final.name.vcf
chr1,chr1,HWJCCDRX3_ACTGAGGTGTCAACAG.final.name.vcf
chr1,chr1,HWJCCDRX3_ACTGAGGTGTCAACAG.final.name.vcf
chr1,chr1,HWJCCDRX3_ACTGAGGTGTCAACAG.final.name.vcf
chr1,chr1,HWJCCDRX3_ACTGAGGTGTCAACAG.final.name.vcf
chr1,chr1,HWJCCDRX3_ACAGACCTCTAGGTTG.final.name.vcf
chr1,chr1,HWJCCDRX3_ACAGACCTCTAGGTTG.final.name.vcf
chr1,chr1,HWJCCDRX3_ACAGACCTCTAGGTTG.final.name.vcf
chr1,chr1,HWJCCDRX3_ACAGACCTCTAGGTTG.final.name.vcf
chr2,chr2,HWJCCDRX3_ACAGACCTCTAGGTTG.final.name.vcf
chr1,chr1,HWJCCDRX3_ATCGATCGTGGAAGCA.final.name.vcf
chr1,chr1,HWJCCDRX3_ATCGATCGTGGAAGCA.final.name.vcf
chr1,chr1,HWJCCDRX3_ATCGATCGTGGAAGCA.final.name.vcf
chr1,chr1,HWJCCDRX3_ATCGATCGTGGAAGCA.final.name.vcf
chr1,chr1,HWJCCDRX3_ATCGATCGTGGAAGCA.final.name.vcf
chr1,chr1,HWJCCDRX3_CTCCATGTACACCGAT.final.name.vcf
chr1,chr1,HWJCCDRX3_CTCCATGTACACCGAT.final.name.vcf
chr1,chr1,HWJCCDRX3_CTCCATGTACACCGAT.final.name.vcf
chr1,chr1,HWJCCDRX3_CTCCATGTACACCGAT.final.name.vcf
chr1,chr1,HWJCCDRX3_CTCCATGTACACCGAT.final.name.vcf
chr1,chr1,HWJCCDRX3_AGAAGCGTAGTCAGGT.final.name.vcf
chr1,chr1,HWJCCDRX3_AGAAGCGTAGTCAGGT.final.name.vcf
chr1,chr1,HWJCCDRX3_AGAAGCGTAGTCAGGT.final.name.vcf
chr1,chr1,HWJCCDRX3_AGAAGCGTAGTCAGGT.final.name.vcf
chr2,chr2,HWJCCDRX3_AGAAGCGTAGTCAGGT.final.name.vcf
chr1,chr1,HWJCCDRX3_CAACGGATGCCACTTA.final.name.vcf
chr1,chr1,HWJCCDRX3_CAACGGATGCCACTTA.final.name.vcf
chr1,chr1,HWJCCDRX3_CAACGGATGCCACTTA.final.name.vcf
chr1,chr1,HWJCCDRX3_CAACGGATGCCACTTA.final.name.vcf
chr1,chr1,HWJCCDRX3_CAACGGATGCCACTTA.final.name.vcf
chr1,chr1,HWJCCDRX3_AACCTCCTAGGCTGAA.final.name.vcf
chr1,chr1,HWJCCDRX3_AACCTCCTAGGCTGAA.final.name.vcf
chr1,chr1,HWJCCDRX3_AACCTCCTAGGCTGAA.final.name.vcf
chr1,chr1,HWJCCDRX3_AACCTCCTAGGCTGAA.final.name.vcf
chr1,chr1,HWJCCDRX3_AACCTCCTAGGCTGAA.final.name.vcf
chr1,chr1,HWJCCDRX3_GATTGGAGCGAGAGAA.final.name.vcf
chr1,chr1,HWJCCDRX3_GATTGGAGCGAGAGAA.final.name.vcf
chr1,chr1,HWJCCDRX3_GATTGGAGCGAGAGAA.final.name.vcf
chr1,chr1,HWJCCDRX3_GATTGGAGCGAGAGAA.final.name.vcf
chr1,chr1,HWJCCDRX3_GATTGGAGCGAGAGAA.final.name.vcf
chr1,chr1,HWJCCDRX3_CGTGTGTACCAACGAA.final.name.vcf
chr1,chr1,HWJCCDRX3_CGTGTGTACCAACGAA.final.name.vcf
chr1,chr1,HWJCCDRX3_CGTGTGTACCAACGAA.final.name.vcf
chr1,chr1,HWJCCDRX3_CGTGTGTACCAACGAA.final.name.vcf
chr2,chr2,HWJCCDRX3_CGTGTGTACCAACGAA.final.name.vcf
chr1,chr1,HWJCCDRX3_TGGAGTTGCATGGATC.final.name.vcf
chr1,chr1,HWJCCDRX3_TGGAGTTGCATGGATC.final.name.vcf
chr1,chr1,HWJCCDRX3_TGGAGTTGCATGGATC.final.name.vcf
chr2,chr2,HWJCCDRX3_TGGAGTTGCATGGATC.final.name.vcf
chr2,chr2,HWJCCDRX3_TGGAGTTGCATGGATC.final.name.vcf
chr1,chr1,HWJCCDRX3_ACCTAAGGATCTCCTG.final.name.vcf
chr1,chr1,HWJCCDRX3_ACCTAAGGATCTCCTG.final.name.vcf
chr1,chr1,HWJCCDRX3_ACCTAAGGATCTCCTG.final.name.vcf
chr1,chr1,HWJCCDRX3_ACCTAAGGATCTCCTG.final.name.vcf
chr1,chr1,HWJCCDRX3_ACCTAAGGATCTCCTG.final.name.vcf
chr1,chr1,HWJCCDRX3_GAATCCGAAGCTAGTG.final.name.vcf
chr1,chr1,HWJCCDRX3_GAATCCGAAGCTAGTG.final.name.vcf
chr1,chr1,HWJCCDRX3_GAATCCGAAGCTAGTG.final.name.vcf
chr1,chr1,HWJCCDRX3_GAATCCGAAGCTAGTG.final.name.vcf
chr1,chr1,HWJCCDRX3_GAATCCGAAGCTAGTG.final.name.vcf
chr1,chr1,HWJCCDRX3_TGCGTAGATAGCTGAG.final.name.vcf
chr1,chr1,HWJCCDRX3_TGCGTAGATAGCTGAG.final.name.vcf
chr1,chr1,HWJCCDRX3_TGCGTAGATAGCTGAG.final.name.vcf
chr1,chr1,HWJCCDRX3_TGCGTAGATAGCTGAG.final.name.vcf
chr1,chr1,HWJCCDRX3_TGCGTAGATAGCTGAG.final.name.vcf
chr1,chr1,HWJCCDRX3_ACTCCATCGATCAAGG.final.name.vcf
chr1,chr1,HWJCCDRX3_ACTCCATCGATCAAGG.final.name.vcf
chr1,chr1,HWJCCDRX3_ACTCCATCGATCAAGG.final.name.vcf
chr1,chr1,HWJCCDRX3_ACTCCATCGATCAAGG.final.name.vcf
chr1,chr1,HWJCCDRX3_ACTCCATCGATCAAGG.final.name.vcf
chr1,chr1,HWJCCDRX3_ATCGGTGTACATGGAG.final.name.vcf
chr1,chr1,HWJCCDRX3_ATCGGTGTACATGGAG.final.name.vcf
chr1,chr1,HWJCCDRX3_ATCGGTGTACATGGAG.final.name.vcf
chr1,chr1,HWJCCDRX3_ATCGGTGTACATGGAG.final.name.vcf
chr2,chr2,HWJCCDRX3_ATCGGTGTACATGGAG.final.name.vcf
chr1,chr1,HWJCCDRX3_CAGTCCAACGGTAATC.final.name.vcf
chr1,chr1,HWJCCDRX3_CAGTCCAACGGTAATC.final.name.vcf
chr1,chr1,HWJCCDRX3_CAGTCCAACGGTAATC.final.name.vcf
chr1,chr1,HWJCCDRX3_CAGTCCAACGGTAATC.final.name.vcf
chr1,chr1,HWJCCDRX3_CAGTCCAACGGTAATC.final.name.vcf
chr1,chr1,HWJCCDRX3_CCTACTGAATGCGTCA.final.name.vcf
chr1,chr1,HWJCCDRX3_CCTACTGAATGCGTCA.final.name.vcf
chr1,chr1,HWJCCDRX3_CCTACTGAATGCGTCA.final.name.vcf
chr1,chr1,HWJCCDRX3_CCTACTGAATGCGTCA.final.name.vcf
chr2,chr2,HWJCCDRX3_CCTACTGAATGCGTCA.final.name.vcf
chr1,chr1,HWJCCDRX3_GCACGTAACACATGGT.final.name.vcf
chr1,chr1,HWJCCDRX3_GCACGTAACACATGGT.final.name.vcf
chr2,chr2,HWJCCDRX3_GCACGTAACACATGGT.final.name.vcf
chr2,chr2,HWJCCDRX3_GCACGTAACACATGGT.final.name.vcf
chr2,chr2,HWJCCDRX3_GCACGTAACACATGGT.final.name.vcf
chr1,chr1,HWJCCDRX3_ATCACACGGTAGCGTA.final.name.vcf
chr1,chr1,HWJCCDRX3_ATCACACGGTAGCGTA.final.name.vcf
chr1,chr1,HWJCCDRX3_ATCACACGGTAGCGTA.final.name.vcf
chr1,chr1,HWJCCDRX3_ATCACACGGTAGCGTA.final.name.vcf
chr1,chr1,HWJCCDRX3_ATCACACGGTAGCGTA.final.name.vcf
chr1,chr1,HWJCCDRX3_TGTCTGCTGTCGATTG.final.name.vcf
chr1,chr1,HWJCCDRX3_TGTCTGCTGTCGATTG.final.name.vcf
chr1,chr1,HWJCCDRX3_TGTCTGCTGTCGATTG.final.name.vcf
chr1,chr1,HWJCCDRX3_TGTCTGCTGTCGATTG.final.name.vcf
chr1,chr1,HWJCCDRX3_TGTCTGCTGTCGATTG.final.name.vcf
chr1,chr1,HWJCCDRX3_GACTATGCACTCAACG.final.name.vcf
chr1,chr1,HWJCCDRX3_GACTATGCACTCAACG.final.name.vcf
chr1,chr1,HWJCCDRX3_GACTATGCACTCAACG.final.name.vcf
chr1,chr1,HWJCCDRX3_GACTATGCACTCAACG.final.name.vcf
chr1,chr1,HWJCCDRX3_GACTATGCACTCAACG.final.name.vcf
chr1,chr1,HWJCCDRX3_TCGAAGGTGCCTTAAC.final.name.vcf
chr1,chr1,HWJCCDRX3_TCGAAGGTGCCTTAAC.final.name.vcf
chr1,chr1,HWJCCDRX3_TCGAAGGTGCCTTAAC.final.name.vcf
chr1,chr1,HWJCCDRX3_TCGAAGGTGCCTTAAC.final.name.vcf
chr2,chr2,HWJCCDRX3_TCGAAGGTGCCTTAAC.final.name.vcf
chr1,chr1,HWJCCDRX3_CTCATTGCCAGGTAAG.final.name.vcf
chr1,chr1,HWJCCDRX3_CTCATTGCCAGGTAAG.final.name.vcf
chr1,chr1,HWJCCDRX3_CTCATTGCCAGGTAAG.final.name.vcf
chr2,chr2,HWJCCDRX3_CTCATTGCCAGGTAAG.final.name.vcf
chr2,chr2,HWJCCDRX3_CTCATTGCCAGGTAAG.final.name.vcf
chr1,chr1,HWJCCDRX3_GCATACAGTCAGCCTT.final.name.vcf
chr1,chr1,HWJCCDRX3_GCATACAGTCAGCCTT.final.name.vcf
chr1,chr1,HWJCCDRX3_GCATACAGTCAGCCTT.final.name.vcf
chr1,chr1,HWJCCDRX3_GCATACAGTCAGCCTT.final.name.vcf
chr1,chr1,HWJCCDRX3_GCATACAGTCAGCCTT.final.name.vcf
chr1,chr1,HWJCCDRX3_TTGACAGGGAAGACTG.final.name.vcf
chr1,chr1,HWJCCDRX3_TTGACAGGGAAGACTG.final.name.vcf
chr1,chr1,HWJCCDRX3_TTGACAGGGAAGACTG.final.name.vcf
chr1,chr1,HWJCCDRX3_TTGACAGGGAAGACTG.final.name.vcf
chr2,chr2,HWJCCDRX3_TTGACAGGGAAGACTG.final.name.vcf
chr1,chr1,HWJCCDRX3_CTGAGATCAGGCAATG.final.name.vcf
chr1,chr1,HWJCCDRX3_CTGAGATCAGGCAATG.final.name.vcf
chr1,chr1,HWJCCDRX3_CTGAGATCAGGCAATG.final.name.vcf
chr1,chr1,HWJCCDRX3_CTGAGATCAGGCAATG.final.name.vcf
chr1,chr1,HWJCCDRX3_CTGAGATCAGGCAATG.final.name.vcf
chr1,chr1,HWJCCDRX3_CTAGGCATACAGAGGT.final.name.vcf
chr1,chr1,HWJCCDRX3_CTAGGCATACAGAGGT.final.name.vcf
chr1,chr1,HWJCCDRX3_CTAGGCATACAGAGGT.final.name.vcf
chr1,chr1,HWJCCDRX3_CTAGGCATACAGAGGT.final.name.vcf
chr1,chr1,HWJCCDRX3_CTAGGCATACAGAGGT.final.name.vcf
chr1,chr1,HWJCCDRX3_CAGGAGATCCTTAGGT.final.name.vcf
chr1,chr1,HWJCCDRX3_CAGGAGATCCTTAGGT.final.name.vcf
chr1,chr1,HWJCCDRX3_CAGGAGATCCTTAGGT.final.name.vcf
chr1,chr1,HWJCCDRX3_CAGGAGATCCTTAGGT.final.name.vcf
chr2,chr2,HWJCCDRX3_CAGGAGATCCTTAGGT.final.name.vcf
chr1,chr1,HWJCCDRX3_ATGCCTGTAGATTGCG.final.name.vcf
chr1,chr1,HWJCCDRX3_ATGCCTGTAGATTGCG.final.name.vcf
chr1,chr1,HWJCCDRX3_ATGCCTGTAGATTGCG.final.name.vcf
chr1,chr1,HWJCCDRX3_ATGCCTGTAGATTGCG.final.name.vcf
chr1,chr1,HWJCCDRX3_ATGCCTGTAGATTGCG.final.name.vcf
chr1,chr1,HWJCCDRX3_ATGACGTCCTTCCTTC.final.name.vcf
chr1,chr1,HWJCCDRX3_ATGACGTCCTTCCTTC.final.name.vcf
chr1,chr1,HWJCCDRX3_ATGACGTCCTTCCTTC.final.name.vcf
chr1,chr1,HWJCCDRX3_ATGACGTCCTTCCTTC.final.name.vcf
chr1,chr1,HWJCCDRX3_ATGACGTCCTTCCTTC.final.name.vcf
chr1,chr1,HWJCCDRX3_GCCATAACCACGCAAT.final.name.vcf
chr1,chr1,HWJCCDRX3_GCCATAACCACGCAAT.final.name.vcf
chr1,chr1,HWJCCDRX3_GCCATAACCACGCAAT.final.name.vcf
chr2,chr2,HWJCCDRX3_GCCATAACCACGCAAT.final.name.vcf
chr2,chr2,HWJCCDRX3_GCCATAACCACGCAAT.final.name.vcf
chr1,chr1,HWJCCDRX3_CGACCATTTGATAGGC.final.name.vcf
chr1,chr1,HWJCCDRX3_CGACCATTTGATAGGC.final.name.vcf
chr1,chr1,HWJCCDRX3_CGACCATTTGATAGGC.final.name.vcf
chr1,chr1,HWJCCDRX3_CGACCATTTGATAGGC.final.name.vcf
chr1,chr1,HWJCCDRX3_CGACCATTTGATAGGC.final.name.vcf
chr1,chr1,HWJCCDRX3_TACGGTTGAGTTCGCA.final.name.vcf
chr1,chr1,HWJCCDRX3_TACGGTTGAGTTCGCA.final.name.vcf
chr1,chr1,HWJCCDRX3_TACGGTTGAGTTCGCA.final.name.vcf
chr1,chr1,HWJCCDRX3_TACGGTTGAGTTCGCA.final.name.vcf
chr1,chr1,HWJCCDRX3_TACGGTTGAGTTCGCA.final.name.vcf
chr1,chr1,HWJCCDRX3_AGGATCTGCCAAGGTT.final.name.vcf
chr1,chr1,HWJCCDRX3_AGGATCTGCCAAGGTT.final.name.vcf
chr1,chr1,HWJCCDRX3_AGGATCTGCCAAGGTT.final.name.vcf
chr1,chr1,HWJCCDRX3_AGGATCTGCCAAGGTT.final.name.vcf
chr2,chr2,HWJCCDRX3_AGGATCTGCCAAGGTT.final.name.vcf
chr1,chr1,HWJCCDRX3_AACGTCTGAATGACGC.final.name.vcf
chr1,chr1,HWJCCDRX3_AACGTCTGAATGACGC.final.name.vcf
chr1,chr1,HWJCCDRX3_AACGTCTGAATGACGC.final.name.vcf
chr1,chr1,HWJCCDRX3_AACGTCTGAATGACGC.final.name.vcf
chr1,chr1,HWJCCDRX3_AACGTCTGAATGACGC.final.name.vcf
chr1,chr1,HWJCCDRX3_GCTTCTTGTAGAACGC.final.name.vcf
chr1,chr1,HWJCCDRX3_GCTTCTTGTAGAACGC.final.name.vcf
chr1,chr1,HWJCCDRX3_GCTTCTTGTAGAACGC.final.name.vcf
chr1,chr1,HWJCCDRX3_GCTTCTTGTAGAACGC.final.name.vcf
chr1,chr1,HWJCCDRX3_GCTTCTTGTAGAACGC.final.name.vcf
chr1,chr1,HWJCCDRX3_GCAAGATCAGTCGAAG.final.name.vcf
chr1,chr1,HWJCCDRX3_GCAAGATCAGTCGAAG.final.name.vcf
chr1,chr1,HWJCCDRX3_GCAAGATCAGTCGAAG.final.name.vcf
chr1,chr1,HWJCCDRX3_GCAAGATCAGTCGAAG.final.name.vcf
chr1,chr1,HWJCCDRX3_GCAAGATCAGTCGAAG.final.name.vcf
chr1,chr1,HWJCCDRX3_AACCTTGGCAGATCCT.final.name.vcf
chr1,chr1,HWJCCDRX3_AACCTTGGCAGATCCT.final.name.vcf
chr1,chr1,HWJCCDRX3_AACCTTGGCAGATCCT.final.name.vcf
chr1,chr1,HWJCCDRX3_AACCTTGGCAGATCCT.final.name.vcf
chr1,chr1,HWJCCDRX3_AACCTTGGCAGATCCT.final.name.vcf
chr1,chr1,HWJCCDRX3_CGCTCTATTTGCAACG.final.name.vcf
chr1,chr1,HWJCCDRX3_CGCTCTATTTGCAACG.final.name.vcf
chr1,chr1,HWJCCDRX3_CGCTCTATTTGCAACG.final.name.vcf
chr1,chr1,HWJCCDRX3_CGCTCTATTTGCAACG.final.name.vcf
chr1,chr1,HWJCCDRX3_CGCTCTATTTGCAACG.final.name.vcf
chr1,chr1,HWJCCDRX3_CGATGCTTCGTAGATG.final.name.vcf
chr1,chr1,HWJCCDRX3_CGATGCTTCGTAGATG.final.name.vcf
chr1,chr1,HWJCCDRX3_CGATGCTTCGTAGATG.final.name.vcf
chr1,chr1,HWJCCDRX3_CGATGCTTCGTAGATG.final.name.vcf
chr2,chr2,HWJCCDRX3_CGATGCTTCGTAGATG.final.name.vcf
chr1,chr1,HWJCCDRX3_ATTCTGGCTCTGGACA.final.name.vcf
chr1,chr1,HWJCCDRX3_ATTCTGGCTCTGGACA.final.name.vcf
chr1,chr1,HWJCCDRX3_ATTCTGGCTCTGGACA.final.name.vcf
chr1,chr1,HWJCCDRX3_ATTCTGGCTCTGGACA.final.name.vcf
chr1,chr1,HWJCCDRX3_ATTCTGGCTCTGGACA.final.name.vcf
chr1,chr1,HWJCCDRX3_AGGCATAGAAGAGGCA.final.name.vcf
chr1,chr1,HWJCCDRX3_AGGCATAGAAGAGGCA.final.name.vcf
chr1,chr1,HWJCCDRX3_AGGCATAGAAGAGGCA.final.name.vcf
chr1,chr1,HWJCCDRX3_AGGCATAGAAGAGGCA.final.name.vcf
chr1,chr1,HWJCCDRX3_AGGCATAGAAGAGGCA.final.name.vcf
chr1,chr1,HWJCCDRX3_TAGCCGAAGACACAGT.final.name.vcf
chr1,chr1,HWJCCDRX3_TAGCCGAAGACACAGT.final.name.vcf
chr1,chr1,HWJCCDRX3_TAGCCGAAGACACAGT.final.name.vcf
chr1,chr1,HWJCCDRX3_TAGCCGAAGACACAGT.final.name.vcf
chr1,chr1,HWJCCDRX3_TAGCCGAAGACACAGT.final.name.vcf
chr1,chr1,HWJCCDRX3_AGCAAGCAAAGGAGAC.final.name.vcf
chr1,chr1,HWJCCDRX3_AGCAAGCAAAGGAGAC.final.name.vcf
chr1,chr1,HWJCCDRX3_AGCAAGCAAAGGAGAC.final.name.vcf
chr2,chr2,HWJCCDRX3_AGCAAGCAAAGGAGAC.final.name.vcf
chr2,chr2,HWJCCDRX3_AGCAAGCAAAGGAGAC.final.name.vcf
chr1,chr1,HWJCCDRX3_TTCGCAGTTCCGATCA.final.name.vcf
chr1,chr1,HWJCCDRX3_TTCGCAGTTCCGATCA.final.name.vcf
chr1,chr1,HWJCCDRX3_TTCGCAGTTCCGATCA.final.name.vcf
chr1,chr1,HWJCCDRX3_TTCGCAGTTCCGATCA.final.name.vcf
chr1,chr1,HWJCCDRX3_TTCGCAGTTCCGATCA.final.name.vcf
chr1,chr1,HWJCCDRX3_TCCAATCGCAACTGAC.final.name.vcf
chr1,chr1,HWJCCDRX3_TCCAATCGCAACTGAC.final.name.vcf
chr1,chr1,HWJCCDRX3_TCCAATCGCAACTGAC.final.name.vcf
chr1,chr1,HWJCCDRX3_TCCAATCGCAACTGAC.final.name.vcf
chr2,chr2,HWJCCDRX3_TCCAATCGCAACTGAC.final.name.vcf
chr1,chr1,HWJCCDRX3_GAGTGGTTGCATAACG.final.name.vcf
chr1,chr1,HWJCCDRX3_GAGTGGTTGCATAACG.final.name.vcf
chr1,chr1,HWJCCDRX3_GAGTGGTTGCATAACG.final.name.vcf
chr1,chr1,HWJCCDRX3_GAGTGGTTGCATAACG.final.name.vcf
chr2,chr2,HWJCCDRX3_GAGTGGTTGCATAACG.final.name.vcf
chr1,chr1,HWJCCDRX3_AGAGGTTGGTCATCGT.final.name.vcf
chr1,chr1,HWJCCDRX3_AGAGGTTGGTCATCGT.final.name.vcf
chr1,chr1,HWJCCDRX3_AGAGGTTGGTCATCGT.final.name.vcf
chr1,chr1,HWJCCDRX3_AGAGGTTGGTCATCGT.final.name.vcf
chr1,chr1,HWJCCDRX3_AGAGGTTGGTCATCGT.final.name.vcf
chr1,chr1,HWJCCDRX3_CCTTGTAGCCTTGGAA.final.name.vcf
chr1,chr1,HWJCCDRX3_CCTTGTAGCCTTGGAA.final.name.vcf
chr1,chr1,HWJCCDRX3_CCTTGTAGCCTTGGAA.final.name.vcf
chr1,chr1,HWJCCDRX3_CCTTGTAGCCTTGGAA.final.name.vcf
chr1,chr1,HWJCCDRX3_CCTTGTAGCCTTGGAA.final.name.vcf
chr1,chr1,HWJCCDRX3_TGTGAAGCTCTAGGAG.final.name.vcf
chr1,chr1,HWJCCDRX3_TGTGAAGCTCTAGGAG.final.name.vcf
chr1,chr1,HWJCCDRX3_TGTGAAGCTCTAGGAG.final.name.vcf
chr1,chr1,HWJCCDRX3_TGTGAAGCTCTAGGAG.final.name.vcf
chr1,chr1,HWJCCDRX3_TGTGAAGCTCTAGGAG.final.name.vcf
chr1,chr1,HWJCCDRX3_CTCAGAGTAGCTTCAG.final.name.vcf
chr1,chr1,HWJCCDRX3_CTCAGAGTAGCTTCAG.final.name.vcf
chr1,chr1,HWJCCDRX3_CTCAGAGTAGCTTCAG.final.name.vcf
chr1,chr1,HWJCCDRX3_CTCAGAGTAGCTTCAG.final.name.vcf
chr1,chr1,HWJCCDRX3_CTCAGAGTAGCTTCAG.final.name.vcf
chr1,chr1,HWJCCDRX3_CTGATCGTGCGCATAT.final.name.vcf
chr1,chr1,HWJCCDRX3_CTGATCGTGCGCATAT.final.name.vcf
chr1,chr1,HWJCCDRX3_CTGATCGTGCGCATAT.final.name.vcf
chr1,chr1,HWJCCDRX3_CTGATCGTGCGCATAT.final.name.vcf
chr1,chr1,HWJCCDRX3_CTGATCGTGCGCATAT.final.name.vcf
chr1,chr1,HWJCCDRX3_CATTGCCTGATCTCAG.final.name.vcf
chr1,chr1,HWJCCDRX3_CATTGCCTGATCTCAG.final.name.vcf
chr1,chr1,HWJCCDRX3_CATTGCCTGATCTCAG.final.name.vcf
chr1,chr1,HWJCCDRX3_CATTGCCTGATCTCAG.final.name.vcf
chr1,chr1,HWJCCDRX3_CATTGCCTGATCTCAG.final.name.vcf
chr1,chr1,HWJCCDRX3_ACCAATGCGTGATCCA.final.name.vcf
chr1,chr1,HWJCCDRX3_ACCAATGCGTGATCCA.final.name.vcf
chr2,chr2,HWJCCDRX3_ACCAATGCGTGATCCA.final.name.vcf
chr2,chr2,HWJCCDRX3_ACCAATGCGTGATCCA.final.name.vcf
chr2,chr2,HWJCCDRX3_ACCAATGCGTGATCCA.final.name.vcf
chr1,chr1,HWJCCDRX3_CTCAGCTATCTACGCA.final.name.vcf
chr1,chr1,HWJCCDRX3_CTCAGCTATCTACGCA.final.name.vcf
chr1,chr1,HWJCCDRX3_CTCAGCTATCTACGCA.final.name.vcf
chr1,chr1,HWJCCDRX3_CTCAGCTATCTACGCA.final.name.vcf
chr2,chr2,HWJCCDRX3_CTCAGCTATCTACGCA.final.name.vcf
chr1,chr1,HWJCCDRX3_CACGTTGTACACCTCA.final.name.vcf
chr1,chr1,HWJCCDRX3_CACGTTGTACACCTCA.final.name.vcf
chr1,chr1,HWJCCDRX3_CACGTTGTACACCTCA.final.name.vcf
chr1,chr1,HWJCCDRX3_CACGTTGTACACCTCA.final.name.vcf
chr1,chr1,HWJCCDRX3_CACGTTGTACACCTCA.final.name.vcf
chr1,chr1,HWJCCDRX3_ACAGCTCATACTGCTC.final.name.vcf
chr1,chr1,HWJCCDRX3_ACAGCTCATACTGCTC.final.name.vcf
chr1,chr1,HWJCCDRX3_ACAGCTCATACTGCTC.final.name.vcf
chr1,chr1,HWJCCDRX3_ACAGCTCATACTGCTC.final.name.vcf
chr1,chr1,HWJCCDRX3_ACAGCTCATACTGCTC.final.name.vcf
chr1,chr1,HWJCCDRX3_TGTGACTGAGCCTATC.final.name.vcf
chr1,chr1,HWJCCDRX3_TGTGACTGAGCCTATC.final.name.vcf
chr1,chr1,HWJCCDRX3_TGTGACTGAGCCTATC.final.name.vcf
chr1,chr1,HWJCCDRX3_TGTGACTGAGCCTATC.final.name.vcf
chr1,chr1,HWJCCDRX3_TGTGACTGAGCCTATC.final.name.vcf
chr1,chr1,HWJCCDRX3_AACGTGGACCGATGTA.final.name.vcf
chr1,chr1,HWJCCDRX3_AACGTGGACCGATGTA.final.name.vcf
chr1,chr1,HWJCCDRX3_AACGTGGACCGATGTA.final.name.vcf
chr1,chr1,HWJCCDRX3_AACGTGGACCGATGTA.final.name.vcf
chr1,chr1,HWJCCDRX3_AACGTGGACCGATGTA.final.name.vcf
chr1,chr1,HWJCCDRX3_TCAGGCTTATCATGCG.final.name.vcf
chr1,chr1,HWJCCDRX3_TCAGGCTTATCATGCG.final.name.vcf
chr1,chr1,HWJCCDRX3_TCAGGCTTATCATGCG.final.name.vcf
chr1,chr1,HWJCCDRX3_TCAGGCTTATCATGCG.final.name.vcf
chr1,chr1,HWJCCDRX3_TCAGGCTTATCATGCG.final.name.vcf
chr1,chr1,HWJCCDRX3_GCCAGTATCACTGTAG.final.name.vcf
chr1,chr1,HWJCCDRX3_GCCAGTATCACTGTAG.final.name.vcf
chr1,chr1,HWJCCDRX3_GCCAGTATCACTGTAG.final.name.vcf
chr1,chr1,HWJCCDRX3_GCCAGTATCACTGTAG.final.name.vcf
chr1,chr1,HWJCCDRX3_GCCAGTATCACTGTAG.final.name.vcf
chr1,chr1,HWJCCDRX3_CATACCACAACAACCG.final.name.vcf
chr1,chr1,HWJCCDRX3_CATACCACAACAACCG.final.name.vcf
chr1,chr1,HWJCCDRX3_CATACCACAACAACCG.final.name.vcf
chr1,chr1,HWJCCDRX3_CATACCACAACAACCG.final.name.vcf
chr1,chr1,HWJCCDRX3_CATACCACAACAACCG.final.name.vcf
chr1,chr1,HWJCCDRX3_CCATACGTCTCTTGTC.final.name.vcf
chr1,chr1,HWJCCDRX3_CCATACGTCTCTTGTC.final.name.vcf
chr1,chr1,HWJCCDRX3_CCATACGTCTCTTGTC.final.name.vcf
chr2,chr2,HWJCCDRX3_CCATACGTCTCTTGTC.final.name.vcf
chr2,chr2,HWJCCDRX3_CCATACGTCTCTTGTC.final.name.vcf
chr1,chr1,HWJCCDRX3_TTGCGAAGAACACGCT.final.name.vcf
chr1,chr1,HWJCCDRX3_TTGCGAAGAACACGCT.final.name.vcf
chr1,chr1,HWJCCDRX3_TTGCGAAGAACACGCT.final.name.vcf
chr1,chr1,HWJCCDRX3_TTGCGAAGAACACGCT.final.name.vcf
chr1,chr1,HWJCCDRX3_TTGCGAAGAACACGCT.final.name.vcf
chr1,chr1,HWJCCDRX3_TGCTTCCACGATCGAT.final.name.vcf
chr1,chr1,HWJCCDRX3_TGCTTCCACGATCGAT.final.name.vcf
chr1,chr1,HWJCCDRX3_TGCTTCCACGATCGAT.final.name.vcf
chr1,chr1,HWJCCDRX3_TGCTTCCACGATCGAT.final.name.vcf
chr1,chr1,HWJCCDRX3_TGCTTCCACGATCGAT.final.name.vcf
chr1,chr1,HWJCCDRX3_GACGAATGGTCCTTGA.final.name.vcf
chr1,chr1,HWJCCDRX3_GACGAATGGTCCTTGA.final.name.vcf
chr1,chr1,HWJCCDRX3_GACGAATGGTCCTTGA.final.name.vcf
chr1,chr1,HWJCCDRX3_GACGAATGGTCCTTGA.final.name.vcf
chr1,chr1,HWJCCDRX3_GACGAATGGTCCTTGA.final.name.vcf
chr1,chr1,HWJCCDRX3_GATTACCGTTGGACTG.final.name.vcf
chr1,chr1,HWJCCDRX3_GATTACCGTTGGACTG.final.name.vcf
chr1,chr1,HWJCCDRX3_GATTACCGTTGGACTG.final.name.vcf
chr1,chr1,HWJCCDRX3_GATTACCGTTGGACTG.final.name.vcf
chr1,chr1,HWJCCDRX3_GATTACCGTTGGACTG.final.name.vcf
chr1,chr1,HWJCCDRX3_GTTCTCGTTGTTCCGT.final.name.vcf
chr1,chr1,HWJCCDRX3_GTTCTCGTTGTTCCGT.final.name.vcf
chr1,chr1,HWJCCDRX3_GTTCTCGTTGTTCCGT.final.name.vcf
chr1,chr1,HWJCCDRX3_GTTCTCGTTGTTCCGT.final.name.vcf
chr1,chr1,HWJCCDRX3_GTTCTCGTTGTTCCGT.final.name.vcf
chr1,chr1,HWJCCDRX3_GACTTAGGGTTCTTCG.final.name.vcf
chr1,chr1,HWJCCDRX3_GACTTAGGGTTCTTCG.final.name.vcf
chr1,chr1,HWJCCDRX3_GACTTAGGGTTCTTCG.final.name.vcf
chr1,chr1,HWJCCDRX3_GACTTAGGGTTCTTCG.final.name.vcf
chr1,chr1,HWJCCDRX3_GACTTAGGGTTCTTCG.final.name.vcf
chr1,chr1,HWJCCDRX3_TGAGGTGTACAACGTG.final.name.vcf
chr1,chr1,HWJCCDRX3_TGAGGTGTACAACGTG.final.name.vcf
chr1,chr1,HWJCCDRX3_TGAGGTGTACAACGTG.final.name.vcf
chr2,chr2,HWJCCDRX3_TGAGGTGTACAACGTG.final.name.vcf
chr2,chr2,HWJCCDRX3_TGAGGTGTACAACGTG.final.name.vcf
chr1,chr1,HWJCCDRX3_AAGGACACCCACAACA.final.name.vcf
chr1,chr1,HWJCCDRX3_AAGGACACCCACAACA.final.name.vcf
chr1,chr1,HWJCCDRX3_AAGGACACCCACAACA.final.name.vcf
chr1,chr1,HWJCCDRX3_AAGGACACCCACAACA.final.name.vcf
chr1,chr1,HWJCCDRX3_AAGGACACCCACAACA.final.name.vcf
chr1,chr1,HWJCCDRX3_AGTTCGTCACTCGATC.final.name.vcf
chr1,chr1,HWJCCDRX3_AGTTCGTCACTCGATC.final.name.vcf
chr1,chr1,HWJCCDRX3_AGTTCGTCACTCGATC.final.name.vcf
chr1,chr1,HWJCCDRX3_AGTTCGTCACTCGATC.final.name.vcf
chr1,chr1,HWJCCDRX3_AGTTCGTCACTCGATC.final.name.vcf
chr1,chr1,HWJCCDRX3_TGTGCGTTTGAGACGA.final.name.vcf
chr1,chr1,HWJCCDRX3_TGTGCGTTTGAGACGA.final.name.vcf
chr1,chr1,HWJCCDRX3_TGTGCGTTTGAGACGA.final.name.vcf
chr1,chr1,HWJCCDRX3_TGTGCGTTTGAGACGA.final.name.vcf
chr1,chr1,HWJCCDRX3_TGTGCGTTTGAGACGA.final.name.vcf
chr1,chr1,HWJCCDRX3_TTGTCGGTGCCAATAC.final.name.vcf
chr1,chr1,HWJCCDRX3_TTGTCGGTGCCAATAC.final.name.vcf
chr1,chr1,HWJCCDRX3_TTGTCGGTGCCAATAC.final.name.vcf
chr1,chr1,HWJCCDRX3_TTGTCGGTGCCAATAC.final.name.vcf
chr1,chr1,HWJCCDRX3_TTGTCGGTGCCAATAC.final.name.vcf
chr1,chr1,HWJCCDRX3_CTTGCTGTCAATGCGA.final.name.vcf
chr1,chr1,HWJCCDRX3_CTTGCTGTCAATGCGA.final.name.vcf
chr1,chr1,HWJCCDRX3_CTTGCTGTCAATGCGA.final.name.vcf
chr1,chr1,HWJCCDRX3_CTTGCTGTCAATGCGA.final.name.vcf
chr1,chr1,HWJCCDRX3_CTTGCTGTCAATGCGA.final.name.vcf
chr1,chr1,HWJCCDRX3_AGGATGGTGTATTCCG.final.name.vcf
chr1,chr1,HWJCCDRX3_AGGATGGTGTATTCCG.final.name.vcf
chr1,chr1,HWJCCDRX3_AGGATGGTGTATTCCG.final.name.vcf
chr1,chr1,HWJCCDRX3_AGGATGGTGTATTCCG.final.name.vcf
chr1,chr1,HWJCCDRX3_AGGATGGTGTATTCCG.final.name.vcf
chr1,chr1,HWJCCDRX3_TGTTGTGGGTGTCCTT.final.name.vcf
chr1,chr1,HWJCCDRX3_TGTTGTGGGTGTCCTT.final.name.vcf
chr1,chr1,HWJCCDRX3_TGTTGTGGGTGTCCTT.final.name.vcf
chr1,chr1,HWJCCDRX3_TGTTGTGGGTGTCCTT.final.name.vcf
chr1,chr1,HWJCCDRX3_TGTTGTGGGTGTCCTT.final.name.vcf
chr1,chr1,HWJCCDRX3_ATTGCGTGGTTATGGC.final.name.vcf
chr1,chr1,HWJCCDRX3_ATTGCGTGGTTATGGC.final.name.vcf
chr1,chr1,HWJCCDRX3_ATTGCGTGGTTATGGC.final.name.vcf
chr1,chr1,HWJCCDRX3_ATTGCGTGGTTATGGC.final.name.vcf
chr1,chr1,HWJCCDRX3_ATTGCGTGGTTATGGC.final.name.vcf
chr1,chr1,HWJCCDRX3_CTGGTTCTGATACCTG.final.name.vcf
chr1,chr1,HWJCCDRX3_CTGGTTCTGATACCTG.final.name.vcf
chr1,chr1,HWJCCDRX3_CTGGTTCTGATACCTG.final.name.vcf
chr1,chr1,HWJCCDRX3_CTGGTTCTGATACCTG.final.name.vcf
chr2,chr2,HWJCCDRX3_CTGGTTCTGATACCTG.final.name.vcf
chr1,chr1,HWJCCDRX3_TGAGCTAGGAACGGTT.final.name.vcf
chr1,chr1,HWJCCDRX3_TGAGCTAGGAACGGTT.final.name.vcf
chr1,chr1,HWJCCDRX3_TGAGCTAGGAACGGTT.final.name.vcf
chr1,chr1,HWJCCDRX3_TGAGCTAGGAACGGTT.final.name.vcf
chr1,chr1,HWJCCDRX3_TGAGCTAGGAACGGTT.final.name.vcf
chr1,chr1,HWJCCDRX3_AGTCGCTTTCGAACCT.final.name.vcf
chr1,chr1,HWJCCDRX3_AGTCGCTTTCGAACCT.final.name.vcf
chr1,chr1,HWJCCDRX3_AGTCGCTTTCGAACCT.final.name.vcf
chr1,chr1,HWJCCDRX3_AGTCGCTTTCGAACCT.final.name.vcf
chr2,chr2,HWJCCDRX3_AGTCGCTTTCGAACCT.final.name.vcf
chr1,chr1,HWJCCDRX3_TGTACCGTCCTAGAGA.final.name.vcf
chr1,chr1,HWJCCDRX3_TGTACCGTCCTAGAGA.final.name.vcf
chr1,chr1,HWJCCDRX3_TGTACCGTCCTAGAGA.final.name.vcf
chr1,chr1,HWJCCDRX3_TGTACCGTCCTAGAGA.final.name.vcf
chr1,chr1,HWJCCDRX3_TGTACCGTCCTAGAGA.final.name.vcf
chr1,chr1,HWJCCDRX3_CTCGATACAAGCTGGT.final.name.vcf
chr1,chr1,HWJCCDRX3_CTCGATACAAGCTGGT.final.name.vcf
chr1,chr1,HWJCCDRX3_CTCGATACAAGCTGGT.final.name.vcf
chr1,chr1,HWJCCDRX3_CTCGATACAAGCTGGT.final.name.vcf
chr1,chr1,HWJCCDRX3_CTCGATACAAGCTGGT.final.name.vcf
chr1,chr1,HWJCCDRX3_CCAAGTTGTACATCGG.final.name.vcf
chr1,chr1,HWJCCDRX3_CCAAGTTGTACATCGG.final.name.vcf
chr1,chr1,HWJCCDRX3_CCAAGTTGTACATCGG.final.name.vcf
chr1,chr1,HWJCCDRX3_CCAAGTTGTACATCGG.final.name.vcf
chr2,chr2,HWJCCDRX3_CCAAGTTGTACATCGG.final.name.vcf
chr1,chr1,HWJCCDRX3_CTTACCTGGCAATGAG.final.name.vcf
chr1,chr1,HWJCCDRX3_CTTACCTGGCAATGAG.final.name.vcf
chr1,chr1,HWJCCDRX3_CTTACCTGGCAATGAG.final.name.vcf
chr1,chr1,HWJCCDRX3_CTTACCTGGCAATGAG.final.name.vcf
chr2,chr2,HWJCCDRX3_CTTACCTGGCAATGAG.final.name.vcf
chr1,chr1,HWJCCDRX3_GTGTTCCTTTCGAAGC.final.name.vcf
chr1,chr1,HWJCCDRX3_GTGTTCCTTTCGAAGC.final.name.vcf
chr1,chr1,HWJCCDRX3_GTGTTCCTTTCGAAGC.final.name.vcf
chr1,chr1,HWJCCDRX3_GTGTTCCTTTCGAAGC.final.name.vcf
chr1,chr1,HWJCCDRX3_GTGTTCCTTTCGAAGC.final.name.vcf
chr1,chr1,HWJCCDRX3_GTACTCTCTCCTGGTA.final.name.vcf
chr1,chr1,HWJCCDRX3_GTACTCTCTCCTGGTA.final.name.vcf
chr1,chr1,HWJCCDRX3_GTACTCTCTCCTGGTA.final.name.vcf
chr1,chr1,HWJCCDRX3_GTACTCTCTCCTGGTA.final.name.vcf
chr1,chr1,HWJCCDRX3_GTACTCTCTCCTGGTA.final.name.vcf
chr1,chr1,HWJCCDRX3_CAGGTATCAGAACCAG.final.name.vcf
chr1,chr1,HWJCCDRX3_CAGGTATCAGAACCAG.final.name.vcf
chr1,chr1,HWJCCDRX3_CAGGTATCAGAACCAG.final.name.vcf
chr2,chr2,HWJCCDRX3_CAGGTATCAGAACCAG.final.name.vcf
chr2,chr2,HWJCCDRX3_CAGGTATCAGAACCAG.final.name.vcf
chr1,chr1,HWJCCDRX3_TCGCTGTTCAAGTCGT.final.name.vcf
chr1,chr1,HWJCCDRX3_TCGCTGTTCAAGTCGT.final.name.vcf
chr1,chr1,HWJCCDRX3_TCGCTGTTCAAGTCGT.final.name.vcf
chr1,chr1,HWJCCDRX3_TCGCTGTTCAAGTCGT.final.name.vcf
chr1,chr1,HWJCCDRX3_TCGCTGTTCAAGTCGT.final.name.vcf
chr1,chr1,HWJCCDRX3_TACGCTACCGTGTGAT.final.name.vcf
chr1,chr1,HWJCCDRX3_TACGCTACCGTGTGAT.final.name.vcf
chr1,chr1,HWJCCDRX3_TACGCTACCGTGTGAT.final.name.vcf
chr2,chr2,HWJCCDRX3_TACGCTACCGTGTGAT.final.name.vcf
chr2,chr2,HWJCCDRX3_TACGCTACCGTGTGAT.final.name.vcf
chr1,chr1,HWJCCDRX3_TGCCATTCTGATCACG.final.name.vcf
chr1,chr1,HWJCCDRX3_TGCCATTCTGATCACG.final.name.vcf
chr1,chr1,HWJCCDRX3_TGCCATTCTGATCACG.final.name.vcf
chr1,chr1,HWJCCDRX3_TGCCATTCTGATCACG.final.name.vcf
chr2,chr2,HWJCCDRX3_TGCCATTCTGATCACG.final.name.vcf
chr1,chr1,HWJCCDRX3_CATGGAACAGTACACG.final.name.vcf
chr1,chr1,HWJCCDRX3_CATGGAACAGTACACG.final.name.vcf
chr1,chr1,HWJCCDRX3_CATGGAACAGTACACG.final.name.vcf
chr1,chr1,HWJCCDRX3_CATGGAACAGTACACG.final.name.vcf
chr2,chr2,HWJCCDRX3_CATGGAACAGTACACG.final.name.vcf
chr1,chr1,HWJCCDRX3_CGGAATACACCATCCT.final.name.vcf
chr1,chr1,HWJCCDRX3_CGGAATACACCATCCT.final.name.vcf
chr1,chr1,HWJCCDRX3_CGGAATACACCATCCT.final.name.vcf
chr1,chr1,HWJCCDRX3_CGGAATACACCATCCT.final.name.vcf
chr1,chr1,HWJCCDRX3_CGGAATACACCATCCT.final.name.vcf
chr1,chr1,HWJCCDRX3_CTCTGGTTCGAATTGC.final.name.vcf
chr1,chr1,HWJCCDRX3_CTCTGGTTCGAATTGC.final.name.vcf
chr1,chr1,HWJCCDRX3_CTCTGGTTCGAATTGC.final.name.vcf
chr1,chr1,HWJCCDRX3_CTCTGGTTCGAATTGC.final.name.vcf
chr1,chr1,HWJCCDRX3_CTCTGGTTCGAATTGC.final.name.vcf
chr1,chr1,HWJCCDRX3_GTATGCTGAACTGAGG.final.name.vcf
chr1,chr1,HWJCCDRX3_GTATGCTGAACTGAGG.final.name.vcf
chr1,chr1,HWJCCDRX3_GTATGCTGAACTGAGG.final.name.vcf
chr1,chr1,HWJCCDRX3_GTATGCTGAACTGAGG.final.name.vcf
chr1,chr1,HWJCCDRX3_GTATGCTGAACTGAGG.final.name.vcf
chr1,chr1,HWJCCDRX3_TTCAGCCTAGGAGGTT.final.name.vcf
chr1,chr1,HWJCCDRX3_TTCAGCCTAGGAGGTT.final.name.vcf
chr1,chr1,HWJCCDRX3_TTCAGCCTAGGAGGTT.final.name.vcf
chr1,chr1,HWJCCDRX3_TTCAGCCTAGGAGGTT.final.name.vcf
chr1,chr1,HWJCCDRX3_TTCAGCCTAGGAGGTT.final.name.vcf
chr1,chr1,HWJCCDRX3_GATCGTACCCTTCCAT.final.name.vcf
chr1,chr1,HWJCCDRX3_GATCGTACCCTTCCAT.final.name.vcf
chr1,chr1,HWJCCDRX3_GATCGTACCCTTCCAT.final.name.vcf
chr1,chr1,HWJCCDRX3_GATCGTACCCTTCCAT.final.name.vcf
chr1,chr1,HWJCCDRX3_GATCGTACCCTTCCAT.final.name.vcf
chr1,chr1,HWJCCDRX3_ACTCTCGACTGTACCA.final.name.vcf
chr1,chr1,HWJCCDRX3_ACTCTCGACTGTACCA.final.name.vcf
chr1,chr1,HWJCCDRX3_ACTCTCGACTGTACCA.final.name.vcf
chr1,chr1,HWJCCDRX3_ACTCTCGACTGTACCA.final.name.vcf
chr1,chr1,HWJCCDRX3_ACTCTCGACTGTACCA.final.name.vcf
chr1,chr1,HWJCCDRX3_GTGGTGTTGCTGTAAG.final.name.vcf
chr1,chr1,HWJCCDRX3_GTGGTGTTGCTGTAAG.final.name.vcf
chr1,chr1,HWJCCDRX3_GTGGTGTTGCTGTAAG.final.name.vcf
chr1,chr1,HWJCCDRX3_GTGGTGTTGCTGTAAG.final.name.vcf
chr1,chr1,HWJCCDRX3_GTGGTGTTGCTGTAAG.final.name.vcf
chr1,chr1,HWJCCDRX3_CCAAGACTCTCGGTAA.final.name.vcf
chr1,chr1,HWJCCDRX3_CCAAGACTCTCGGTAA.final.name.vcf
chr1,chr1,HWJCCDRX3_CCAAGACTCTCGGTAA.final.name.vcf
chr1,chr1,HWJCCDRX3_CCAAGACTCTCGGTAA.final.name.vcf
chr1,chr1,HWJCCDRX3_CCAAGACTCTCGGTAA.final.name.vcf
chr1,chr1,HWJCCDRX3_TACATCGGTCCACGTT.final.name.vcf
chr1,chr1,HWJCCDRX3_TACATCGGTCCACGTT.final.name.vcf
chr1,chr1,HWJCCDRX3_TACATCGGTCCACGTT.final.name.vcf
chr1,chr1,HWJCCDRX3_TACATCGGTCCACGTT.final.name.vcf
chr2,chr2,HWJCCDRX3_TACATCGGTCCACGTT.final.name.vcf
chr1,chr1,HWJCCDRX3_CGAACTGTATACGCAG.final.name.vcf
chr1,chr1,HWJCCDRX3_CGAACTGTATACGCAG.final.name.vcf
chr1,chr1,HWJCCDRX3_CGAACTGTATACGCAG.final.name.vcf
chr1,chr1,HWJCCDRX3_CGAACTGTATACGCAG.final.name.vcf
chr1,chr1,HWJCCDRX3_CGAACTGTATACGCAG.final.name.vcf
chr1,chr1,HWJCCDRX3_GTAGCATCAGACCTTG.final.name.vcf
chr1,chr1,HWJCCDRX3_GTAGCATCAGACCTTG.final.name.vcf
chr1,chr1,HWJCCDRX3_GTAGCATCAGACCTTG.final.name.vcf
chr1,chr1,HWJCCDRX3_GTAGCATCAGACCTTG.final.name.vcf
chr1,chr1,HWJCCDRX3_GTAGCATCAGACCTTG.final.name.vcf
chr1,chr1,HWJCCDRX3_AGTGGATCTCGATGAC.final.name.vcf
chr1,chr1,HWJCCDRX3_AGTGGATCTCGATGAC.final.name.vcf
chr1,chr1,HWJCCDRX3_AGTGGATCTCGATGAC.final.name.vcf
chr1,chr1,HWJCCDRX3_AGTGGATCTCGATGAC.final.name.vcf
chr1,chr1,HWJCCDRX3_AGTGGATCTCGATGAC.final.name.vcf
chr1,chr1,HWJCCDRX3_TGATCGGAACTGCGAA.final.name.vcf
chr1,chr1,HWJCCDRX3_TGATCGGAACTGCGAA.final.name.vcf
chr1,chr1,HWJCCDRX3_TGATCGGAACTGCGAA.final.name.vcf
chr1,chr1,HWJCCDRX3_TGATCGGAACTGCGAA.final.name.vcf
chr1,chr1,HWJCCDRX3_TGATCGGAACTGCGAA.final.name.vcf
chr1,chr1,HWJCCDRX3_ACCGCATAACAACAGC.final.name.vcf
chr1,chr1,HWJCCDRX3_ACCGCATAACAACAGC.final.name.vcf
chr1,chr1,HWJCCDRX3_ACCGCATAACAACAGC.final.name.vcf
chr1,chr1,HWJCCDRX3_ACCGCATAACAACAGC.final.name.vcf
chr1,chr1,HWJCCDRX3_ACCGCATAACAACAGC.final.name.vcf
chr1,chr1,HWJCCDRX3_TTGGACGTGAAGTGCT.final.name.vcf
chr1,chr1,HWJCCDRX3_TTGGACGTGAAGTGCT.final.name.vcf
chr1,chr1,HWJCCDRX3_TTGGACGTGAAGTGCT.final.name.vcf
chr1,chr1,HWJCCDRX3_TTGGACGTGAAGTGCT.final.name.vcf
chr1,chr1,HWJCCDRX3_TTGGACGTGAAGTGCT.final.name.vcf
chr1,chr1,HWJCCDRX3_TGATACGCCAACGAGT.final.name.vcf
chr1,chr1,HWJCCDRX3_TGATACGCCAACGAGT.final.name.vcf
chr1,chr1,HWJCCDRX3_TGATACGCCAACGAGT.final.name.vcf
chr1,chr1,HWJCCDRX3_TGATACGCCAACGAGT.final.name.vcf
chr1,chr1,HWJCCDRX3_TGATACGCCAACGAGT.final.name.vcf
chr1,chr1,HWJCCDRX3_CTGCGTATACAGTTCG.final.name.vcf
chr1,chr1,HWJCCDRX3_CTGCGTATACAGTTCG.final.name.vcf
chr1,chr1,HWJCCDRX3_CTGCGTATACAGTTCG.final.name.vcf
chr1,chr1,HWJCCDRX3_CTGCGTATACAGTTCG.final.name.vcf
chr1,chr1,HWJCCDRX3_CTGCGTATACAGTTCG.final.name.vcf
chr1,chr1,HWJCCDRX3_CTGCACTTAAGCGTTC.final.name.vcf
chr1,chr1,HWJCCDRX3_CTGCACTTAAGCGTTC.final.name.vcf
chr1,chr1,HWJCCDRX3_CTGCACTTAAGCGTTC.final.name.vcf
chr1,chr1,HWJCCDRX3_CTGCACTTAAGCGTTC.final.name.vcf
chr2,chr2,HWJCCDRX3_CTGCACTTAAGCGTTC.final.name.vcf
chr1,chr1,HWJCCDRX3_CACTAGCTTCGGATTC.final.name.vcf
chr1,chr1,HWJCCDRX3_CACTAGCTTCGGATTC.final.name.vcf
chr1,chr1,HWJCCDRX3_CACTAGCTTCGGATTC.final.name.vcf
chr1,chr1,HWJCCDRX3_CACTAGCTTCGGATTC.final.name.vcf
chr1,chr1,HWJCCDRX3_CACTAGCTTCGGATTC.final.name.vcf
chr1,chr1,HWJCCDRX3_CAACCTAGAGGTCTGT.final.name.vcf
chr1,chr1,HWJCCDRX3_CAACCTAGAGGTCTGT.final.name.vcf
chr1,chr1,HWJCCDRX3_CAACCTAGAGGTCTGT.final.name.vcf
chr1,chr1,HWJCCDRX3_CAACCTAGAGGTCTGT.final.name.vcf
chr1,chr1,HWJCCDRX3_CAACCTAGAGGTCTGT.final.name.vcf
chr1,chr1,HWJCCDRX3_GTCTCCTTTGCTTGCT.final.name.vcf
chr1,chr1,HWJCCDRX3_GTCTCCTTTGCTTGCT.final.name.vcf
chr1,chr1,HWJCCDRX3_GTCTCCTTTGCTTGCT.final.name.vcf
chr1,chr1,HWJCCDRX3_GTCTCCTTTGCTTGCT.final.name.vcf
chr1,chr1,HWJCCDRX3_GTCTCCTTTGCTTGCT.final.name.vcf
chr1,chr1,HWJCCDRX3_CTTGGATGTCGCTATC.final.name.vcf
chr1,chr1,HWJCCDRX3_CTTGGATGTCGCTATC.final.name.vcf
chr1,chr1,HWJCCDRX3_CTTGGATGTCGCTATC.final.name.vcf
chr1,chr1,HWJCCDRX3_CTTGGATGTCGCTATC.final.name.vcf
chr1,chr1,HWJCCDRX3_CTTGGATGTCGCTATC.final.name.vcf
chr1,chr1,HWJCCDRX3_ACGTTCAGAGTTGTGC.final.name.vcf
chr1,chr1,HWJCCDRX3_ACGTTCAGAGTTGTGC.final.name.vcf
chr1,chr1,HWJCCDRX3_ACGTTCAGAGTTGTGC.final.name.vcf
chr1,chr1,HWJCCDRX3_ACGTTCAGAGTTGTGC.final.name.vcf
chr1,chr1,HWJCCDRX3_ACGTTCAGAGTTGTGC.final.name.vcf
chr1,chr1,HWJCCDRX3_AGTCGACACGAATACG.final.name.vcf
chr1,chr1,HWJCCDRX3_AGTCGACACGAATACG.final.name.vcf
chr1,chr1,HWJCCDRX3_AGTCGACACGAATACG.final.name.vcf
chr1,chr1,HWJCCDRX3_AGTCGACACGAATACG.final.name.vcf
chr2,chr2,HWJCCDRX3_AGTCGACACGAATACG.final.name.vcf
chr1,chr1,HWJCCDRX3_GCTGACTAGACATCTC.final.name.vcf
chr1,chr1,HWJCCDRX3_GCTGACTAGACATCTC.final.name.vcf
chr1,chr1,HWJCCDRX3_GCTGACTAGACATCTC.final.name.vcf
chr1,chr1,HWJCCDRX3_GCTGACTAGACATCTC.final.name.vcf
chr1,chr1,HWJCCDRX3_GCTGACTAGACATCTC.final.name.vcf
chr1,chr1,HWJCCDRX3_TAACGAGGTAGTCTCG.final.name.vcf
chr1,chr1,HWJCCDRX3_TAACGAGGTAGTCTCG.final.name.vcf
chr1,chr1,HWJCCDRX3_TAACGAGGTAGTCTCG.final.name.vcf
chr1,chr1,HWJCCDRX3_TAACGAGGTAGTCTCG.final.name.vcf
chr1,chr1,HWJCCDRX3_TAACGAGGTAGTCTCG.final.name.vcf
chr1,chr1,HWJCCDRX3_GATAGGCTCAGTCACA.final.name.vcf
chr1,chr1,HWJCCDRX3_GATAGGCTCAGTCACA.final.name.vcf
chr1,chr1,HWJCCDRX3_GATAGGCTCAGTCACA.final.name.vcf
chr1,chr1,HWJCCDRX3_GATAGGCTCAGTCACA.final.name.vcf
chr1,chr1,HWJCCDRX3_GATAGGCTCAGTCACA.final.name.vcf
chr1,chr1,HWJCCDRX3_CACAAGTCATCGCAAC.final.name.vcf
chr1,chr1,HWJCCDRX3_CACAAGTCATCGCAAC.final.name.vcf
chr1,chr1,HWJCCDRX3_CACAAGTCATCGCAAC.final.name.vcf
chr1,chr1,HWJCCDRX3_CACAAGTCATCGCAAC.final.name.vcf
chr1,chr1,HWJCCDRX3_CACAAGTCATCGCAAC.final.name.vcf
chr1,chr1,HWJCCDRX3_TAGGATGCTTGAGCTC.final.name.vcf
chr1,chr1,HWJCCDRX3_TAGGATGCTTGAGCTC.final.name.vcf
chr1,chr1,HWJCCDRX3_TAGGATGCTTGAGCTC.final.name.vcf
chr1,chr1,HWJCCDRX3_TAGGATGCTTGAGCTC.final.name.vcf
chr1,chr1,HWJCCDRX3_TAGGATGCTTGAGCTC.final.name.vcf
chr1,chr1,HWJCCDRX3_GATACTGGGAACCTTC.final.name.vcf
chr1,chr1,HWJCCDRX3_GATACTGGGAACCTTC.final.name.vcf
chr1,chr1,HWJCCDRX3_GATACTGGGAACCTTC.final.name.vcf
chr1,chr1,HWJCCDRX3_GATACTGGGAACCTTC.final.name.vcf
chr2,chr2,HWJCCDRX3_GATACTGGGAACCTTC.final.name.vcf
chr1,chr1,HWJCCDRX3_CGAGTATGTGCACTTG.final.name.vcf
chr1,chr1,HWJCCDRX3_CGAGTATGTGCACTTG.final.name.vcf
chr1,chr1,HWJCCDRX3_CGAGTATGTGCACTTG.final.name.vcf
chr1,chr1,HWJCCDRX3_CGAGTATGTGCACTTG.final.name.vcf
chr2,chr2,HWJCCDRX3_CGAGTATGTGCACTTG.final.name.vcf
chr1,chr1,HWJCCDRX3_ATGGCGAACTCTATCG.final.name.vcf
chr1,chr1,HWJCCDRX3_ATGGCGAACTCTATCG.final.name.vcf
chr1,chr1,HWJCCDRX3_ATGGCGAACTCTATCG.final.name.vcf
chr1,chr1,HWJCCDRX3_ATGGCGAACTCTATCG.final.name.vcf
chr1,chr1,HWJCCDRX3_ATGGCGAACTCTATCG.final.name.vcf
chr1,chr1,HWJCCDRX3_TCGAGTGAAACCTACG.final.name.vcf
chr1,chr1,HWJCCDRX3_TCGAGTGAAACCTACG.final.name.vcf
chr1,chr1,HWJCCDRX3_TCGAGTGAAACCTACG.final.name.vcf
chr1,chr1,HWJCCDRX3_TCGAGTGAAACCTACG.final.name.vcf
chr1,chr1,HWJCCDRX3_TCGAGTGAAACCTACG.final.name.vcf
chr1,chr1,HWJCCDRX3_GAAGAGGTCAGGTTCA.final.name.vcf
chr1,chr1,HWJCCDRX3_GAAGAGGTCAGGTTCA.final.name.vcf
chr1,chr1,HWJCCDRX3_GAAGAGGTCAGGTTCA.final.name.vcf
chr1,chr1,HWJCCDRX3_GAAGAGGTCAGGTTCA.final.name.vcf
chr1,chr1,HWJCCDRX3_GAAGAGGTCAGGTTCA.final.name.vcf
chr1,chr1,HWJCCDRX3_CTACTTGGTACTCCAG.final.name.vcf
chr1,chr1,HWJCCDRX3_CTACTTGGTACTCCAG.final.name.vcf
chr1,chr1,HWJCCDRX3_CTACTTGGTACTCCAG.final.name.vcf
chr1,chr1,HWJCCDRX3_CTACTTGGTACTCCAG.final.name.vcf
chr1,chr1,HWJCCDRX3_CTACTTGGTACTCCAG.final.name.vcf
chr1,chr1,HWJCCDRX3_CGGTCATATGCTCTAC.final.name.vcf
chr1,chr1,HWJCCDRX3_CGGTCATATGCTCTAC.final.name.vcf
chr1,chr1,HWJCCDRX3_CGGTCATATGCTCTAC.final.name.vcf
chr1,chr1,HWJCCDRX3_CGGTCATATGCTCTAC.final.name.vcf
chr2,chr2,HWJCCDRX3_CGGTCATATGCTCTAC.final.name.vcf
chr1,chr1,HWJCCDRX3_TGTCCAGAGCCAGAAT.final.name.vcf
chr1,chr1,HWJCCDRX3_TGTCCAGAGCCAGAAT.final.name.vcf
chr1,chr1,HWJCCDRX3_TGTCCAGAGCCAGAAT.final.name.vcf
chr1,chr1,HWJCCDRX3_TGTCCAGAGCCAGAAT.final.name.vcf
chr1,chr1,HWJCCDRX3_TGTCCAGAGCCAGAAT.final.name.vcf
chr1,chr1,HWJCCDRX3_GATAGCGACATCCAAG.final.name.vcf
chr1,chr1,HWJCCDRX3_GATAGCGACATCCAAG.final.name.vcf
chr1,chr1,HWJCCDRX3_GATAGCGACATCCAAG.final.name.vcf
chr1,chr1,HWJCCDRX3_GATAGCGACATCCAAG.final.name.vcf
chr1,chr1,HWJCCDRX3_GATAGCGACATCCAAG.final.name.vcf
chr1,chr1,HWJCCDRX3_AAGCACTGAGGTCAAC.final.name.vcf
chr1,chr1,HWJCCDRX3_AAGCACTGAGGTCAAC.final.name.vcf
chr1,chr1,HWJCCDRX3_AAGCACTGAGGTCAAC.final.name.vcf
chr1,chr1,HWJCCDRX3_AAGCACTGAGGTCAAC.final.name.vcf
chr1,chr1,HWJCCDRX3_AAGCACTGAGGTCAAC.final.name.vcf
chr1,chr1,HWJCCDRX3_TCAAGGACCATTCGTC.final.name.vcf
chr1,chr1,HWJCCDRX3_TCAAGGACCATTCGTC.final.name.vcf
chr1,chr1,HWJCCDRX3_TCAAGGACCATTCGTC.final.name.vcf
chr2,chr2,HWJCCDRX3_TCAAGGACCATTCGTC.final.name.vcf
chr2,chr2,HWJCCDRX3_TCAAGGACCATTCGTC.final.name.vcf
chr1,chr1,HWJCCDRX3_ACTAGGAGTATGGCAC.final.name.vcf
chr1,chr1,HWJCCDRX3_ACTAGGAGTATGGCAC.final.name.vcf
chr1,chr1,HWJCCDRX3_ACTAGGAGTATGGCAC.final.name.vcf
chr1,chr1,HWJCCDRX3_ACTAGGAGTATGGCAC.final.name.vcf
chr1,chr1,HWJCCDRX3_ACTAGGAGTATGGCAC.final.name.vcf
chr1,chr1,HWJCCDRX3_TGGTACAGTCGAGAGT.final.name.vcf
chr1,chr1,HWJCCDRX3_TGGTACAGTCGAGAGT.final.name.vcf
chr1,chr1,HWJCCDRX3_TGGTACAGTCGAGAGT.final.name.vcf
chr1,chr1,HWJCCDRX3_TGGTACAGTCGAGAGT.final.name.vcf
chr1,chr1,HWJCCDRX3_TGGTACAGTCGAGAGT.final.name.vcf
chr1,chr1,HWJCCDRX3_ACGATGACCAACCTCT.final.name.vcf
chr1,chr1,HWJCCDRX3_ACGATGACCAACCTCT.final.name.vcf
chr1,chr1,HWJCCDRX3_ACGATGACCAACCTCT.final.name.vcf
chr1,chr1,HWJCCDRX3_ACGATGACCAACCTCT.final.name.vcf
chr2,chr2,HWJCCDRX3_ACGATGACCAACCTCT.final.name.vcf
chr1,chr1,HWJCCDRX3_TTAGGTCGAGTGACCT.final.name.vcf
chr1,chr1,HWJCCDRX3_TTAGGTCGAGTGACCT.final.name.vcf
chr1,chr1,HWJCCDRX3_TTAGGTCGAGTGACCT.final.name.vcf
chr1,chr1,HWJCCDRX3_TTAGGTCGAGTGACCT.final.name.vcf
chr1,chr1,HWJCCDRX3_TTAGGTCGAGTGACCT.final.name.vcf
chr1,chr1,HWJCCDRX3_GCTGTTGTTATGCGGT.final.name.vcf
chr1,chr1,HWJCCDRX3_GCTGTTGTTATGCGGT.final.name.vcf
chr1,chr1,HWJCCDRX3_GCTGTTGTTATGCGGT.final.name.vcf
chr1,chr1,HWJCCDRX3_GCTGTTGTTATGCGGT.final.name.vcf
chr1,chr1,HWJCCDRX3_GCTGTTGTTATGCGGT.final.name.vcf
chr1,chr1,HWJCCDRX3_GATGCACTACTGGTGT.final.name.vcf
chr1,chr1,HWJCCDRX3_GATGCACTACTGGTGT.final.name.vcf
chr1,chr1,HWJCCDRX3_GATGCACTACTGGTGT.final.name.vcf
chr1,chr1,HWJCCDRX3_GATGCACTACTGGTGT.final.name.vcf
chr1,chr1,HWJCCDRX3_GATGCACTACTGGTGT.final.name.vcf
chr1,chr1,HWJCCDRX3_GAGGACTTGTTAAGCG.final.name.vcf
chr1,chr1,HWJCCDRX3_GAGGACTTGTTAAGCG.final.name.vcf
chr1,chr1,HWJCCDRX3_GAGGACTTGTTAAGCG.final.name.vcf
chr1,chr1,HWJCCDRX3_GAGGACTTGTTAAGCG.final.name.vcf
chr2,chr2,HWJCCDRX3_GAGGACTTGTTAAGCG.final.name.vcf
chr1,chr1,HWJCCDRX3_TATCAGCGGCCTATGT.final.name.vcf
chr1,chr1,HWJCCDRX3_TATCAGCGGCCTATGT.final.name.vcf
chr1,chr1,HWJCCDRX3_TATCAGCGGCCTATGT.final.name.vcf
chr1,chr1,HWJCCDRX3_TATCAGCGGCCTATGT.final.name.vcf
chr2,chr2,HWJCCDRX3_TATCAGCGGCCTATGT.final.name.vcf
chr1,chr1,HWJCCDRX3_TCGTCTCAAACGCACA.final.name.vcf
chr1,chr1,HWJCCDRX3_TCGTCTCAAACGCACA.final.name.vcf
chr1,chr1,HWJCCDRX3_TCGTCTCAAACGCACA.final.name.vcf
chr1,chr1,HWJCCDRX3_TCGTCTCAAACGCACA.final.name.vcf
chr1,chr1,HWJCCDRX3_TCGTCTCAAACGCACA.final.name.vcf
chr1,chr1,HWJCCDRX3_ATTCGAGGACAAGCTC.final.name.vcf
chr1,chr1,HWJCCDRX3_ATTCGAGGACAAGCTC.final.name.vcf
chr1,chr1,HWJCCDRX3_ATTCGAGGACAAGCTC.final.name.vcf
chr1,chr1,HWJCCDRX3_ATTCGAGGACAAGCTC.final.name.vcf
chr1,chr1,HWJCCDRX3_ATTCGAGGACAAGCTC.final.name.vcf
chr1,chr1,HWJCCDRX3_AGTGCAGTATTCCGCT.final.name.vcf
chr1,chr1,HWJCCDRX3_AGTGCAGTATTCCGCT.final.name.vcf
chr1,chr1,HWJCCDRX3_AGTGCAGTATTCCGCT.final.name.vcf
chr1,chr1,HWJCCDRX3_AGTGCAGTATTCCGCT.final.name.vcf
chr1,chr1,HWJCCDRX3_AGTGCAGTATTCCGCT.final.name.vcf
chr1,chr1,HWJCCDRX3_TCCTACCTACTCTCCA.final.name.vcf
chr1,chr1,HWJCCDRX3_TCCTACCTACTCTCCA.final.name.vcf
chr1,chr1,HWJCCDRX3_TCCTACCTACTCTCCA.final.name.vcf
chr2,chr2,HWJCCDRX3_TCCTACCTACTCTCCA.final.name.vcf
chr2,chr2,HWJCCDRX3_TCCTACCTACTCTCCA.final.name.vcf
chr1,chr1,HWJCCDRX3_GAGCTCAAGCATCCTA.final.name.vcf
chr1,chr1,HWJCCDRX3_GAGCTCAAGCATCCTA.final.name.vcf
chr1,chr1,HWJCCDRX3_GAGCTCAAGCATCCTA.final.name.vcf
chr1,chr1,HWJCCDRX3_GAGCTCAAGCATCCTA.final.name.vcf
chr1,chr1,HWJCCDRX3_GAGCTCAAGCATCCTA.final.name.vcf
chr1,chr1,HWJCCDRX3_ACCAGCTTGTATCGAG.final.name.vcf
chr1,chr1,HWJCCDRX3_ACCAGCTTGTATCGAG.final.name.vcf
chr1,chr1,HWJCCDRX3_ACCAGCTTGTATCGAG.final.name.vcf
chr1,chr1,HWJCCDRX3_ACCAGCTTGTATCGAG.final.name.vcf
chr1,chr1,HWJCCDRX3_ACCAGCTTGTATCGAG.final.name.vcf
chr1,chr1,HWJCCDRX3_CGTTGAGTGCATAGTC.final.name.vcf
chr1,chr1,HWJCCDRX3_CGTTGAGTGCATAGTC.final.name.vcf
chr1,chr1,HWJCCDRX3_CGTTGAGTGCATAGTC.final.name.vcf
chr1,chr1,HWJCCDRX3_CGTTGAGTGCATAGTC.final.name.vcf
chr1,chr1,HWJCCDRX3_CGTTGAGTGCATAGTC.final.name.vcf
chr1,chr1,HWJCCDRX3_AAGGCTGACTGTATGC.final.name.vcf
chr1,chr1,HWJCCDRX3_AAGGCTGACTGTATGC.final.name.vcf
chr1,chr1,HWJCCDRX3_AAGGCTGACTGTATGC.final.name.vcf
chr1,chr1,HWJCCDRX3_AAGGCTGACTGTATGC.final.name.vcf
chr1,chr1,HWJCCDRX3_AAGGCTGACTGTATGC.final.name.vcf
chr1,chr1,HWJCCDRX3_GAGCAGTATGAGCTGT.final.name.vcf
chr1,chr1,HWJCCDRX3_GAGCAGTATGAGCTGT.final.name.vcf
chr1,chr1,HWJCCDRX3_GAGCAGTATGAGCTGT.final.name.vcf
chr1,chr1,HWJCCDRX3_GAGCAGTATGAGCTGT.final.name.vcf
chr1,chr1,HWJCCDRX3_GAGCAGTATGAGCTGT.final.name.vcf
chr1,chr1,HWJCCDRX3_AGTCTCACCGTCCATT.final.name.vcf
chr1,chr1,HWJCCDRX3_AGTCTCACCGTCCATT.final.name.vcf
chr1,chr1,HWJCCDRX3_AGTCTCACCGTCCATT.final.name.vcf
chr1,chr1,HWJCCDRX3_AGTCTCACCGTCCATT.final.name.vcf
chr2,chr2,HWJCCDRX3_AGTCTCACCGTCCATT.final.name.vcf
chr1,chr1,HWJCCDRX3_CTGGAGTACCAAGTAG.final.name.vcf
chr1,chr1,HWJCCDRX3_CTGGAGTACCAAGTAG.final.name.vcf
chr1,chr1,HWJCCDRX3_CTGGAGTACCAAGTAG.final.name.vcf
chr1,chr1,HWJCCDRX3_CTGGAGTACCAAGTAG.final.name.vcf
chr1,chr1,HWJCCDRX3_CTGGAGTACCAAGTAG.final.name.vcf
chr1,chr1,HWJCCDRX3_TCCGTATGTGGATGGT.final.name.vcf
chr1,chr1,HWJCCDRX3_TCCGTATGTGGATGGT.final.name.vcf
chr1,chr1,HWJCCDRX3_TCCGTATGTGGATGGT.final.name.vcf
chr2,chr2,HWJCCDRX3_TCCGTATGTGGATGGT.final.name.vcf
chr2,chr2,HWJCCDRX3_TCCGTATGTGGATGGT.final.name.vcf
chr1,chr1,HWJCCDRX3_AACTGGTGGAACGTGA.final.name.vcf
chr1,chr1,HWJCCDRX3_AACTGGTGGAACGTGA.final.name.vcf
chr1,chr1,HWJCCDRX3_AACTGGTGGAACGTGA.final.name.vcf
chr1,chr1,HWJCCDRX3_AACTGGTGGAACGTGA.final.name.vcf
chr1,chr1,HWJCCDRX3_AACTGGTGGAACGTGA.final.name.vcf
chr1,chr1,HWJCCDRX3_AACCGAAGAAGGAAGG.final.name.vcf
chr1,chr1,HWJCCDRX3_AACCGAAGAAGGAAGG.final.name.vcf
chr1,chr1,HWJCCDRX3_AACCGAAGAAGGAAGG.final.name.vcf
chr1,chr1,HWJCCDRX3_AACCGAAGAAGGAAGG.final.name.vcf
chr1,chr1,HWJCCDRX3_AACCGAAGAAGGAAGG.final.name.vcf
chr1,chr1,HWJCCDRX3_TCTGCTCTAGCGTGTA.final.name.vcf
chr1,chr1,HWJCCDRX3_TCTGCTCTAGCGTGTA.final.name.vcf
chr1,chr1,HWJCCDRX3_TCTGCTCTAGCGTGTA.final.name.vcf
chr2,chr2,HWJCCDRX3_TCTGCTCTAGCGTGTA.final.name.vcf
chr2,chr2,HWJCCDRX3_TCTGCTCTAGCGTGTA.final.name.vcf
chr1,chr1,HWJCCDRX3_CTTCACCATGGCTCTT.final.name.vcf
chr1,chr1,HWJCCDRX3_CTTCACCATGGCTCTT.final.name.vcf
chr1,chr1,HWJCCDRX3_CTTCACCATGGCTCTT.final.name.vcf
chr1,chr1,HWJCCDRX3_CTTCACCATGGCTCTT.final.name.vcf
chr1,chr1,HWJCCDRX3_CTTCACCATGGCTCTT.final.name.vcf
chr1,chr1,HWJCCDRX3_CGTCTTGTTTGCGAGA.final.name.vcf
chr1,chr1,HWJCCDRX3_CGTCTTGTTTGCGAGA.final.name.vcf
chr1,chr1,HWJCCDRX3_CGTCTTGTTTGCGAGA.final.name.vcf
chr1,chr1,HWJCCDRX3_CGTCTTGTTTGCGAGA.final.name.vcf
chr1,chr1,HWJCCDRX3_CGTCTTGTTTGCGAGA.final.name.vcf
chr1,chr1,HWJCCDRX3_CTCTACTCTAAGTGGC.final.name.vcf
chr1,chr1,HWJCCDRX3_CTCTACTCTAAGTGGC.final.name.vcf
chr1,chr1,HWJCCDRX3_CTCTACTCTAAGTGGC.final.name.vcf
chr1,chr1,HWJCCDRX3_CTCTACTCTAAGTGGC.final.name.vcf
chr2,chr2,HWJCCDRX3_CTCTACTCTAAGTGGC.final.name.vcf
chr1,chr1,HWJCCDRX3_GCTCTGTACTTACAGC.final.name.vcf
chr1,chr1,HWJCCDRX3_GCTCTGTACTTACAGC.final.name.vcf
chr1,chr1,HWJCCDRX3_GCTCTGTACTTACAGC.final.name.vcf
chr1,chr1,HWJCCDRX3_GCTCTGTACTTACAGC.final.name.vcf
chr1,chr1,HWJCCDRX3_GCTCTGTACTTACAGC.final.name.vcf
chr1,chr1,HWJCCDRX3_TTCAGGAGCACAGGAA.final.name.vcf
chr1,chr1,HWJCCDRX3_TTCAGGAGCACAGGAA.final.name.vcf
chr1,chr1,HWJCCDRX3_TTCAGGAGCACAGGAA.final.name.vcf
chr1,chr1,HWJCCDRX3_TTCAGGAGCACAGGAA.final.name.vcf
chr1,chr1,HWJCCDRX3_TTCAGGAGCACAGGAA.final.name.vcf
chr1,chr1,HWJCCDRX3_CTTAGGACACTCCTAC.final.name.vcf
chr1,chr1,HWJCCDRX3_CTTAGGACACTCCTAC.final.name.vcf
chr1,chr1,HWJCCDRX3_CTTAGGACACTCCTAC.final.name.vcf
chr1,chr1,HWJCCDRX3_CTTAGGACACTCCTAC.final.name.vcf
chr1,chr1,HWJCCDRX3_CTTAGGACACTCCTAC.final.name.vcf
chr1,chr1,HWJCCDRX3_TGAACCTGACCTCTTC.final.name.vcf
chr1,chr1,HWJCCDRX3_TGAACCTGACCTCTTC.final.name.vcf
chr1,chr1,HWJCCDRX3_TGAACCTGACCTCTTC.final.name.vcf
chr1,chr1,HWJCCDRX3_TGAACCTGACCTCTTC.final.name.vcf
chr2,chr2,HWJCCDRX3_TGAACCTGACCTCTTC.final.name.vcf
chr1,chr1,HWJCCDRX3_CTGTTGACACCTCAGT.final.name.vcf
chr1,chr1,HWJCCDRX3_CTGTTGACACCTCAGT.final.name.vcf
chr1,chr1,HWJCCDRX3_CTGTTGACACCTCAGT.final.name.vcf
chr1,chr1,HWJCCDRX3_CTGTTGACACCTCAGT.final.name.vcf
chr1,chr1,HWJCCDRX3_CTGTTGACACCTCAGT.final.name.vcf
chr1,chr1,HWJCCDRX3_TCTGAGAGAATCGCTG.final.name.vcf
chr1,chr1,HWJCCDRX3_TCTGAGAGAATCGCTG.final.name.vcf
chr1,chr1,HWJCCDRX3_TCTGAGAGAATCGCTG.final.name.vcf
chr1,chr1,HWJCCDRX3_TCTGAGAGAATCGCTG.final.name.vcf
chr1,chr1,HWJCCDRX3_TCTGAGAGAATCGCTG.final.name.vcf
chr1,chr1,HWJCCDRX3_GCTATCCTAACAGGTG.final.name.vcf
chr1,chr1,HWJCCDRX3_GCTATCCTAACAGGTG.final.name.vcf
chr1,chr1,HWJCCDRX3_GCTATCCTAACAGGTG.final.name.vcf
chr1,chr1,HWJCCDRX3_GCTATCCTAACAGGTG.final.name.vcf
chr1,chr1,HWJCCDRX3_GCTATCCTAACAGGTG.final.name.vcf
chr1,chr1,HWJCCDRX3_ATCTCGCTAACAAGGC.final.name.vcf
chr1,chr1,HWJCCDRX3_ATCTCGCTAACAAGGC.final.name.vcf
chr1,chr1,HWJCCDRX3_ATCTCGCTAACAAGGC.final.name.vcf
chr2,chr2,HWJCCDRX3_ATCTCGCTAACAAGGC.final.name.vcf
chr2,chr2,HWJCCDRX3_ATCTCGCTAACAAGGC.final.name.vcf
chr1,chr1,HWJCCDRX3_CAATGTGGTCTTCGAC.final.name.vcf
chr1,chr1,HWJCCDRX3_CAATGTGGTCTTCGAC.final.name.vcf
chr1,chr1,HWJCCDRX3_CAATGTGGTCTTCGAC.final.name.vcf
chr1,chr1,HWJCCDRX3_CAATGTGGTCTTCGAC.final.name.vcf
chr2,chr2,HWJCCDRX3_CAATGTGGTCTTCGAC.final.name.vcf
chr1,chr1,HWJCCDRX3_TCACAGCAGAGGCATT.final.name.vcf
chr1,chr1,HWJCCDRX3_TCACAGCAGAGGCATT.final.name.vcf
chr1,chr1,HWJCCDRX3_TCACAGCAGAGGCATT.final.name.vcf
chr1,chr1,HWJCCDRX3_TCACAGCAGAGGCATT.final.name.vcf
chr1,chr1,HWJCCDRX3_TCACAGCAGAGGCATT.final.name.vcf
chr1,chr1,HWJCCDRX3_GTCCTTCTTGTGTCAG.final.name.vcf
chr1,chr1,HWJCCDRX3_GTCCTTCTTGTGTCAG.final.name.vcf
chr1,chr1,HWJCCDRX3_GTCCTTCTTGTGTCAG.final.name.vcf
chr1,chr1,HWJCCDRX3_GTCCTTCTTGTGTCAG.final.name.vcf
chr1,chr1,HWJCCDRX3_GTCCTTCTTGTGTCAG.final.name.vcf
chr1,chr1,HWJCCDRX3_GAACATCGTCGACAAG.final.name.vcf
chr1,chr1,HWJCCDRX3_GAACATCGTCGACAAG.final.name.vcf
chr1,chr1,HWJCCDRX3_GAACATCGTCGACAAG.final.name.vcf
chr1,chr1,HWJCCDRX3_GAACATCGTCGACAAG.final.name.vcf
chr1,chr1,HWJCCDRX3_GAACATCGTCGACAAG.final.name.vcf
chr1,chr1,HWJCCDRX3_AACGGTCATAGTGGTG.final.name.vcf
chr1,chr1,HWJCCDRX3_AACGGTCATAGTGGTG.final.name.vcf
chr1,chr1,HWJCCDRX3_AACGGTCATAGTGGTG.final.name.vcf
chr1,chr1,HWJCCDRX3_AACGGTCATAGTGGTG.final.name.vcf
chr1,chr1,HWJCCDRX3_AACGGTCATAGTGGTG.final.name.vcf
chr1,chr1,HWJCCDRX3_GTCGGTAAGTTGGCAT.final.name.vcf
chr1,chr1,HWJCCDRX3_GTCGGTAAGTTGGCAT.final.name.vcf
chr1,chr1,HWJCCDRX3_GTCGGTAAGTTGGCAT.final.name.vcf
chr1,chr1,HWJCCDRX3_GTCGGTAAGTTGGCAT.final.name.vcf
chr1,chr1,HWJCCDRX3_GTCGGTAAGTTGGCAT.final.name.vcf
chr1,chr1,HWJCCDRX3_AGCTCCTACAACACAG.final.name.vcf
chr1,chr1,HWJCCDRX3_AGCTCCTACAACACAG.final.name.vcf
chr1,chr1,HWJCCDRX3_AGCTCCTACAACACAG.final.name.vcf
chr1,chr1,HWJCCDRX3_AGCTCCTACAACACAG.final.name.vcf
chr1,chr1,HWJCCDRX3_AGCTCCTACAACACAG.final.name.vcf
chr1,chr1,HWJCCDRX3_TAGACGTGCTCACCAA.final.name.vcf
chr1,chr1,HWJCCDRX3_TAGACGTGCTCACCAA.final.name.vcf
chr1,chr1,HWJCCDRX3_TAGACGTGCTCACCAA.final.name.vcf
chr1,chr1,HWJCCDRX3_TAGACGTGCTCACCAA.final.name.vcf
chr1,chr1,HWJCCDRX3_TAGACGTGCTCACCAA.final.name.vcf
chr1,chr1,HWJCCDRX3_GACGATCTTCGTGCAT.final.name.vcf
chr1,chr1,HWJCCDRX3_GACGATCTTCGTGCAT.final.name.vcf
chr1,chr1,HWJCCDRX3_GACGATCTTCGTGCAT.final.name.vcf
chr1,chr1,HWJCCDRX3_GACGATCTTCGTGCAT.final.name.vcf
chr1,chr1,HWJCCDRX3_GACGATCTTCGTGCAT.final.name.vcf
chr1,chr1,HWJCCDRX3_CATCTACGAAGCATCG.final.name.vcf
chr1,chr1,HWJCCDRX3_CATCTACGAAGCATCG.final.name.vcf
chr1,chr1,HWJCCDRX3_CATCTACGAAGCATCG.final.name.vcf
chr1,chr1,HWJCCDRX3_CATCTACGAAGCATCG.final.name.vcf
chr1,chr1,HWJCCDRX3_CATCTACGAAGCATCG.final.name.vcf
chr1,chr1,HWJCCDRX3_TTCTCTCGCTCCAATC.final.name.vcf
chr1,chr1,HWJCCDRX3_TTCTCTCGCTCCAATC.final.name.vcf
chr1,chr1,HWJCCDRX3_TTCTCTCGCTCCAATC.final.name.vcf
chr1,chr1,HWJCCDRX3_TTCTCTCGCTCCAATC.final.name.vcf
chr1,chr1,HWJCCDRX3_TTCTCTCGCTCCAATC.final.name.vcf
chr1,chr1,HWJCCDRX3_GATCGAGTGACGAACT.final.name.vcf
chr1,chr1,HWJCCDRX3_GATCGAGTGACGAACT.final.name.vcf
chr1,chr1,HWJCCDRX3_GATCGAGTGACGAACT.final.name.vcf
chr1,chr1,HWJCCDRX3_GATCGAGTGACGAACT.final.name.vcf
chr1,chr1,HWJCCDRX3_GATCGAGTGACGAACT.final.name.vcf
chr1,chr1,HWJCCDRX3_CGTTGCAAATAGAGCG.final.name.vcf
chr1,chr1,HWJCCDRX3_CGTTGCAAATAGAGCG.final.name.vcf
chr1,chr1,HWJCCDRX3_CGTTGCAAATAGAGCG.final.name.vcf
chr1,chr1,HWJCCDRX3_CGTTGCAAATAGAGCG.final.name.vcf
chr2,chr2,HWJCCDRX3_CGTTGCAAATAGAGCG.final.name.vcf
chr1,chr1,HWJCCDRX3_TAGGTAGGCACAGACT.final.name.vcf
chr1,chr1,HWJCCDRX3_TAGGTAGGCACAGACT.final.name.vcf
chr1,chr1,HWJCCDRX3_TAGGTAGGCACAGACT.final.name.vcf
chr1,chr1,HWJCCDRX3_TAGGTAGGCACAGACT.final.name.vcf
chr1,chr1,HWJCCDRX3_TAGGTAGGCACAGACT.final.name.vcf
chr1,chr1,HWJCCDRX3_CATAACGGTTGGTGCA.final.name.vcf
chr1,chr1,HWJCCDRX3_CATAACGGTTGGTGCA.final.name.vcf
chr1,chr1,HWJCCDRX3_CATAACGGTTGGTGCA.final.name.vcf
chr1,chr1,HWJCCDRX3_CATAACGGTTGGTGCA.final.name.vcf
chr1,chr1,HWJCCDRX3_CATAACGGTTGGTGCA.final.name.vcf
chr1,chr1,HWJCCDRX3_CAATCGACAGCAGACA.final.name.vcf
chr1,chr1,HWJCCDRX3_CAATCGACAGCAGACA.final.name.vcf
chr1,chr1,HWJCCDRX3_CAATCGACAGCAGACA.final.name.vcf
chr1,chr1,HWJCCDRX3_CAATCGACAGCAGACA.final.name.vcf
chr1,chr1,HWJCCDRX3_CAATCGACAGCAGACA.final.name.vcf
chr1,chr1,HWJCCDRX3_TGCACCAACCGTTATG.final.name.vcf
chr1,chr1,HWJCCDRX3_TGCACCAACCGTTATG.final.name.vcf
chr1,chr1,HWJCCDRX3_TGCACCAACCGTTATG.final.name.vcf
chr1,chr1,HWJCCDRX3_TGCACCAACCGTTATG.final.name.vcf
chr1,chr1,HWJCCDRX3_TGCACCAACCGTTATG.final.name.vcf
chr1,chr1,HWJCCDRX3_CGATAGAGTTCGCCAT.final.name.vcf
chr1,chr1,HWJCCDRX3_CGATAGAGTTCGCCAT.final.name.vcf
chr1,chr1,HWJCCDRX3_CGATAGAGTTCGCCAT.final.name.vcf
chr1,chr1,HWJCCDRX3_CGATAGAGTTCGCCAT.final.name.vcf
chr1,chr1,HWJCCDRX3_CGATAGAGTTCGCCAT.final.name.vcf
chr1,chr1,HWJCCDRX3_CTACAGTGATACTGGC.final.name.vcf
chr1,chr1,HWJCCDRX3_CTACAGTGATACTGGC.final.name.vcf
chr1,chr1,HWJCCDRX3_CTACAGTGATACTGGC.final.name.vcf
chr2,chr2,HWJCCDRX3_CTACAGTGATACTGGC.final.name.vcf
chr2,chr2,HWJCCDRX3_CTACAGTGATACTGGC.final.name.vcf
chr1,chr1,HWJCCDRX3_TACACGCTAGAGCAGA.final.name.vcf
chr1,chr1,HWJCCDRX3_TACACGCTAGAGCAGA.final.name.vcf
chr1,chr1,HWJCCDRX3_TACACGCTAGAGCAGA.final.name.vcf
chr1,chr1,HWJCCDRX3_TACACGCTAGAGCAGA.final.name.vcf
chr1,chr1,HWJCCDRX3_TACACGCTAGAGCAGA.final.name.vcf
chr1,chr1,HWJCCDRX3_ATAAGGCGGCGTTAGA.final.name.vcf
chr1,chr1,HWJCCDRX3_ATAAGGCGGCGTTAGA.final.name.vcf
chr1,chr1,HWJCCDRX3_ATAAGGCGGCGTTAGA.final.name.vcf
chr2,chr2,HWJCCDRX3_ATAAGGCGGCGTTAGA.final.name.vcf
chr2,chr2,HWJCCDRX3_ATAAGGCGGCGTTAGA.final.name.vcf
chr1,chr1,HWJCCDRX3_TTGCAGACATCGTGGT.final.name.vcf
chr1,chr1,HWJCCDRX3_TTGCAGACATCGTGGT.final.name.vcf
chr1,chr1,HWJCCDRX3_TTGCAGACATCGTGGT.final.name.vcf
chr2,chr2,HWJCCDRX3_TTGCAGACATCGTGGT.final.name.vcf
chr2,chr2,HWJCCDRX3_TTGCAGACATCGTGGT.final.name.vcf
chr1,chr1,HWJCCDRX3_ACACCAGTAGTGCATC.final.name.vcf
chr1,chr1,HWJCCDRX3_ACACCAGTAGTGCATC.final.name.vcf
chr1,chr1,HWJCCDRX3_ACACCAGTAGTGCATC.final.name.vcf
chr1,chr1,HWJCCDRX3_ACACCAGTAGTGCATC.final.name.vcf
chr1,chr1,HWJCCDRX3_ACACCAGTAGTGCATC.final.name.vcf
chr1,chr1,HWJCCDRX3_CAGAATCGCCAGTTGA.final.name.vcf
chr1,chr1,HWJCCDRX3_CAGAATCGCCAGTTGA.final.name.vcf
chr1,chr1,HWJCCDRX3_CAGAATCGCCAGTTGA.final.name.vcf
chr1,chr1,HWJCCDRX3_CAGAATCGCCAGTTGA.final.name.vcf
chr1,chr1,HWJCCDRX3_CAGAATCGCCAGTTGA.final.name.vcf
chr1,chr1,HWJCCDRX3_CTAACTCGGACTACGA.final.name.vcf
chr1,chr1,HWJCCDRX3_CTAACTCGGACTACGA.final.name.vcf
chr1,chr1,HWJCCDRX3_CTAACTCGGACTACGA.final.name.vcf
chr1,chr1,HWJCCDRX3_CTAACTCGGACTACGA.final.name.vcf
chr1,chr1,HWJCCDRX3_CTAACTCGGACTACGA.final.name.vcf
chr1,chr1,HWJCCDRX3_GCTGTAAGTACAGAGC.final.name.vcf
chr1,chr1,HWJCCDRX3_GCTGTAAGTACAGAGC.final.name.vcf
chr1,chr1,HWJCCDRX3_GCTGTAAGTACAGAGC.final.name.vcf
chr1,chr1,HWJCCDRX3_GCTGTAAGTACAGAGC.final.name.vcf
chr1,chr1,HWJCCDRX3_GCTGTAAGTACAGAGC.final.name.vcf
chr1,chr1,HWJCCDRX3_AGAGTAGCAAGGCGTA.final.name.vcf
chr1,chr1,HWJCCDRX3_AGAGTAGCAAGGCGTA.final.name.vcf
chr1,chr1,HWJCCDRX3_AGAGTAGCAAGGCGTA.final.name.vcf
chr2,chr2,HWJCCDRX3_AGAGTAGCAAGGCGTA.final.name.vcf
chr2,chr2,HWJCCDRX3_AGAGTAGCAAGGCGTA.final.name.vcf
chr1,chr1,HWJCCDRX3_GAAGGTTCCCAGTATC.final.name.vcf
chr1,chr1,HWJCCDRX3_GAAGGTTCCCAGTATC.final.name.vcf
chr1,chr1,HWJCCDRX3_GAAGGTTCCCAGTATC.final.name.vcf
chr1,chr1,HWJCCDRX3_GAAGGTTCCCAGTATC.final.name.vcf
chr1,chr1,HWJCCDRX3_GAAGGTTCCCAGTATC.final.name.vcf
chr1,chr1,HWJCCDRX3_ACTGTGTCTTCGGCTA.final.name.vcf
chr1,chr1,HWJCCDRX3_ACTGTGTCTTCGGCTA.final.name.vcf
chr1,chr1,HWJCCDRX3_ACTGTGTCTTCGGCTA.final.name.vcf
chr1,chr1,HWJCCDRX3_ACTGTGTCTTCGGCTA.final.name.vcf
chr1,chr1,HWJCCDRX3_ACTGTGTCTTCGGCTA.final.name.vcf
chr1,chr1,HWJCCDRX3_ACGGTCTTAACTCGGA.final.name.vcf
chr1,chr1,HWJCCDRX3_ACGGTCTTAACTCGGA.final.name.vcf
chr1,chr1,HWJCCDRX3_ACGGTCTTAACTCGGA.final.name.vcf
chr1,chr1,HWJCCDRX3_ACGGTCTTAACTCGGA.final.name.vcf
chr1,chr1,HWJCCDRX3_ACGGTCTTAACTCGGA.final.name.vcf
chr1,chr1,HWJCCDRX3_TCTCCGATGATGTCGA.final.name.vcf
chr1,chr1,HWJCCDRX3_TCTCCGATGATGTCGA.final.name.vcf
chr1,chr1,HWJCCDRX3_TCTCCGATGATGTCGA.final.name.vcf
chr1,chr1,HWJCCDRX3_TCTCCGATGATGTCGA.final.name.vcf
chr1,chr1,HWJCCDRX3_TCTCCGATGATGTCGA.final.name.vcf
chr1,chr1,HWJCCDRX3_GAATCGTGTTCACGGA.final.name.vcf
chr1,chr1,HWJCCDRX3_GAATCGTGTTCACGGA.final.name.vcf
chr1,chr1,HWJCCDRX3_GAATCGTGTTCACGGA.final.name.vcf
chr1,chr1,HWJCCDRX3_GAATCGTGTTCACGGA.final.name.vcf
chr1,chr1,HWJCCDRX3_GAATCGTGTTCACGGA.final.name.vcf
chr1,chr1,HWJCCDRX3_CATCGTGATACCTGCA.final.name.vcf
chr1,chr1,HWJCCDRX3_CATCGTGATACCTGCA.final.name.vcf
chr1,chr1,HWJCCDRX3_CATCGTGATACCTGCA.final.name.vcf
chr1,chr1,HWJCCDRX3_CATCGTGATACCTGCA.final.name.vcf
chr2,chr2,HWJCCDRX3_CATCGTGATACCTGCA.final.name.vcf
chr1,chr1,HWJCCDRX3_AGTCAGGAGTTGCTGT.final.name.vcf
chr1,chr1,HWJCCDRX3_AGTCAGGAGTTGCTGT.final.name.vcf
chr1,chr1,HWJCCDRX3_AGTCAGGAGTTGCTGT.final.name.vcf
chr1,chr1,HWJCCDRX3_AGTCAGGAGTTGCTGT.final.name.vcf
chr1,chr1,HWJCCDRX3_AGTCAGGAGTTGCTGT.final.name.vcf
chr1,chr1,HWJCCDRX3_TATCGGTCTACCGGAT.final.name.vcf
chr1,chr1,HWJCCDRX3_TATCGGTCTACCGGAT.final.name.vcf
chr1,chr1,HWJCCDRX3_TATCGGTCTACCGGAT.final.name.vcf
chr1,chr1,HWJCCDRX3_TATCGGTCTACCGGAT.final.name.vcf
chr1,chr1,HWJCCDRX3_TATCGGTCTACCGGAT.final.name.vcf
chr1,chr1,HWJCCDRX3_CCTTCCTTCTTCGGTT.final.name.vcf
chr1,chr1,HWJCCDRX3_CCTTCCTTCTTCGGTT.final.name.vcf
chr1,chr1,HWJCCDRX3_CCTTCCTTCTTCGGTT.final.name.vcf
chr1,chr1,HWJCCDRX3_CCTTCCTTCTTCGGTT.final.name.vcf
chr1,chr1,HWJCCDRX3_CCTTCCTTCTTCGGTT.final.name.vcf
chr1,chr1,HWJCCDRX3_TTCCAAGGCTACAAGG.final.name.vcf
chr1,chr1,HWJCCDRX3_TTCCAAGGCTACAAGG.final.name.vcf
chr1,chr1,HWJCCDRX3_TTCCAAGGCTACAAGG.final.name.vcf
chr1,chr1,HWJCCDRX3_TTCCAAGGCTACAAGG.final.name.vcf
chr1,chr1,HWJCCDRX3_TTCCAAGGCTACAAGG.final.name.vcf
chr1,chr1,HWJCCDRX3_TGCCTCTTCTATGCCT.final.name.vcf
chr1,chr1,HWJCCDRX3_TGCCTCTTCTATGCCT.final.name.vcf
chr1,chr1,HWJCCDRX3_TGCCTCTTCTATGCCT.final.name.vcf
chr1,chr1,HWJCCDRX3_TGCCTCTTCTATGCCT.final.name.vcf
chr1,chr1,HWJCCDRX3_TGCCTCTTCTATGCCT.final.name.vcf
chr1,chr1,HWJCCDRX3_GTCGAAGACCACATTG.final.name.vcf
chr1,chr1,HWJCCDRX3_GTCGAAGACCACATTG.final.name.vcf
chr1,chr1,HWJCCDRX3_GTCGAAGACCACATTG.final.name.vcf
chr1,chr1,HWJCCDRX3_GTCGAAGACCACATTG.final.name.vcf
chr1,chr1,HWJCCDRX3_GTCGAAGACCACATTG.final.name.vcf
chr1,chr1,HWJCCDRX3_CGTAGGTTTCACTCGA.final.name.vcf
chr1,chr1,HWJCCDRX3_CGTAGGTTTCACTCGA.final.name.vcf
chr1,chr1,HWJCCDRX3_CGTAGGTTTCACTCGA.final.name.vcf
chr1,chr1,HWJCCDRX3_CGTAGGTTTCACTCGA.final.name.vcf
chr2,chr2,HWJCCDRX3_CGTAGGTTTCACTCGA.final.name.vcf
chr1,chr1,HWJCCDRX3_GTCTGATCCTCAAGCT.final.name.vcf
chr1,chr1,HWJCCDRX3_GTCTGATCCTCAAGCT.final.name.vcf
chr1,chr1,HWJCCDRX3_GTCTGATCCTCAAGCT.final.name.vcf
chr1,chr1,HWJCCDRX3_GTCTGATCCTCAAGCT.final.name.vcf
chr1,chr1,HWJCCDRX3_GTCTGATCCTCAAGCT.final.name.vcf
chr1,chr1,HWJCCDRX3_TAGAGCTCAGAAGCCT.final.name.vcf
chr1,chr1,HWJCCDRX3_TAGAGCTCAGAAGCCT.final.name.vcf
chr1,chr1,HWJCCDRX3_TAGAGCTCAGAAGCCT.final.name.vcf
chr1,chr1,HWJCCDRX3_TAGAGCTCAGAAGCCT.final.name.vcf
chr1,chr1,HWJCCDRX3_TAGAGCTCAGAAGCCT.final.name.vcf
chr1,chr1,HWJCCDRX3_CACTGACAAGCTAAGC.final.name.vcf
chr1,chr1,HWJCCDRX3_CACTGACAAGCTAAGC.final.name.vcf
chr1,chr1,HWJCCDRX3_CACTGACAAGCTAAGC.final.name.vcf
chr1,chr1,HWJCCDRX3_CACTGACAAGCTAAGC.final.name.vcf
chr1,chr1,HWJCCDRX3_CACTGACAAGCTAAGC.final.name.vcf
chr1,chr1,HWJCCDRX3_GAAGTTGGCGAACAAC.final.name.vcf
chr1,chr1,HWJCCDRX3_GAAGTTGGCGAACAAC.final.name.vcf
chr1,chr1,HWJCCDRX3_GAAGTTGGCGAACAAC.final.name.vcf
chr1,chr1,HWJCCDRX3_GAAGTTGGCGAACAAC.final.name.vcf
chr1,chr1,HWJCCDRX3_GAAGTTGGCGAACAAC.final.name.vcf
chr1,chr1,HWJCCDRX3_GCGTTCTACAAGAAGC.final.name.vcf
chr1,chr1,HWJCCDRX3_GCGTTCTACAAGAAGC.final.name.vcf
chr1,chr1,HWJCCDRX3_GCGTTCTACAAGAAGC.final.name.vcf
chr1,chr1,HWJCCDRX3_GCGTTCTACAAGAAGC.final.name.vcf
chr1,chr1,HWJCCDRX3_GCGTTCTACAAGAAGC.final.name.vcf
chr1,chr1,HWJCCDRX3_AGTTGGCTGCAACCAT.final.name.vcf
chr1,chr1,HWJCCDRX3_AGTTGGCTGCAACCAT.final.name.vcf
chr1,chr1,HWJCCDRX3_AGTTGGCTGCAACCAT.final.name.vcf
chr1,chr1,HWJCCDRX3_AGTTGGCTGCAACCAT.final.name.vcf
chr1,chr1,HWJCCDRX3_AGTTGGCTGCAACCAT.final.name.vcf
chr1,chr1,HWJCCDRX3_CCGTAAGAAGAGTCCA.final.name.vcf
chr1,chr1,HWJCCDRX3_CCGTAAGAAGAGTCCA.final.name.vcf
chr1,chr1,HWJCCDRX3_CCGTAAGAAGAGTCCA.final.name.vcf
chr1,chr1,HWJCCDRX3_CCGTAAGAAGAGTCCA.final.name.vcf
chr1,chr1,HWJCCDRX3_CCGTAAGAAGAGTCCA.final.name.vcf
chr1,chr1,HWJCCDRX3_TGCAGGTATCACGATG.final.name.vcf
chr1,chr1,HWJCCDRX3_TGCAGGTATCACGATG.final.name.vcf
chr1,chr1,HWJCCDRX3_TGCAGGTATCACGATG.final.name.vcf
chr1,chr1,HWJCCDRX3_TGCAGGTATCACGATG.final.name.vcf
chr2,chr2,HWJCCDRX3_TGCAGGTATCACGATG.final.name.vcf
chr1,chr1,HWJCCDRX3_GTATTGGCACCGACAA.final.name.vcf
chr1,chr1,HWJCCDRX3_GTATTGGCACCGACAA.final.name.vcf
chr1,chr1,HWJCCDRX3_GTATTGGCACCGACAA.final.name.vcf
chr1,chr1,HWJCCDRX3_GTATTGGCACCGACAA.final.name.vcf
chr2,chr2,HWJCCDRX3_GTATTGGCACCGACAA.final.name.vcf
chr1,chr1,HWJCCDRX3_GCCTTGTTAGCGAGAT.final.name.vcf
chr1,chr1,HWJCCDRX3_GCCTTGTTAGCGAGAT.final.name.vcf
chr1,chr1,HWJCCDRX3_GCCTTGTTAGCGAGAT.final.name.vcf
chr1,chr1,HWJCCDRX3_GCCTTGTTAGCGAGAT.final.name.vcf
chr1,chr1,HWJCCDRX3_GCCTTGTTAGCGAGAT.final.name.vcf
chr1,chr1,HWJCCDRX3_AAGTCGAGCGCAATGT.final.name.vcf
chr1,chr1,HWJCCDRX3_AAGTCGAGCGCAATGT.final.name.vcf
chr1,chr1,HWJCCDRX3_AAGTCGAGCGCAATGT.final.name.vcf
chr1,chr1,HWJCCDRX3_AAGTCGAGCGCAATGT.final.name.vcf
chr2,chr2,HWJCCDRX3_AAGTCGAGCGCAATGT.final.name.vcf
chr1,chr1,HWJCCDRX3_AACTGAGCCAATCAGG.final.name.vcf
chr1,chr1,HWJCCDRX3_AACTGAGCCAATCAGG.final.name.vcf
chr1,chr1,HWJCCDRX3_AACTGAGCCAATCAGG.final.name.vcf
chr1,chr1,HWJCCDRX3_AACTGAGCCAATCAGG.final.name.vcf
chr1,chr1,HWJCCDRX3_AACTGAGCCAATCAGG.final.name.vcf
chr1,chr1,HWJCCDRX3_GCTGGATTCTAACCTG.final.name.vcf
chr1,chr1,HWJCCDRX3_GCTGGATTCTAACCTG.final.name.vcf
chr1,chr1,HWJCCDRX3_GCTGGATTCTAACCTG.final.name.vcf
chr1,chr1,HWJCCDRX3_GCTGGATTCTAACCTG.final.name.vcf
chr1,chr1,HWJCCDRX3_GCTGGATTCTAACCTG.final.name.vcf
chr1,chr1,HWJCCDRX3_GTTGTTCGCCAACTTC.final.name.vcf
chr1,chr1,HWJCCDRX3_GTTGTTCGCCAACTTC.final.name.vcf
chr1,chr1,HWJCCDRX3_GTTGTTCGCCAACTTC.final.name.vcf
chr1,chr1,HWJCCDRX3_GTTGTTCGCCAACTTC.final.name.vcf
chr2,chr2,HWJCCDRX3_GTTGTTCGCCAACTTC.final.name.vcf
chr1,chr1,HWJCCDRX3_ACCTGACTACGCTTCT.final.name.vcf
chr1,chr1,HWJCCDRX3_ACCTGACTACGCTTCT.final.name.vcf
chr1,chr1,HWJCCDRX3_ACCTGACTACGCTTCT.final.name.vcf
chr1,chr1,HWJCCDRX3_ACCTGACTACGCTTCT.final.name.vcf
chr1,chr1,HWJCCDRX3_ACCTGACTACGCTTCT.final.name.vcf
chr1,chr1,HWJCCDRX3_CTTCGACTGATCTTGC.final.name.vcf
chr1,chr1,HWJCCDRX3_CTTCGACTGATCTTGC.final.name.vcf
chr1,chr1,HWJCCDRX3_CTTCGACTGATCTTGC.final.name.vcf
chr1,chr1,HWJCCDRX3_CTTCGACTGATCTTGC.final.name.vcf
chr1,chr1,HWJCCDRX3_CTTCGACTGATCTTGC.final.name.vcf
chr1,chr1,HWJCCDRX3_GCAATTCGAACCAGAG.final.name.vcf
chr1,chr1,HWJCCDRX3_GCAATTCGAACCAGAG.final.name.vcf
chr1,chr1,HWJCCDRX3_GCAATTCGAACCAGAG.final.name.vcf
chr1,chr1,HWJCCDRX3_GCAATTCGAACCAGAG.final.name.vcf
chr1,chr1,HWJCCDRX3_GCAATTCGAACCAGAG.final.name.vcf
chr1,chr1,HWJCCDRX3_CTTACAGCAACACCAC.final.name.vcf
chr1,chr1,HWJCCDRX3_CTTACAGCAACACCAC.final.name.vcf
chr1,chr1,HWJCCDRX3_CTTACAGCAACACCAC.final.name.vcf
chr1,chr1,HWJCCDRX3_CTTACAGCAACACCAC.final.name.vcf
chr1,chr1,HWJCCDRX3_CTTACAGCAACACCAC.final.name.vcf
chr1,chr1,HWJCCDRX3_CCTGATTGGCTCAGTT.final.name.vcf
chr1,chr1,HWJCCDRX3_CCTGATTGGCTCAGTT.final.name.vcf
chr1,chr1,HWJCCDRX3_CCTGATTGGCTCAGTT.final.name.vcf
chr1,chr1,HWJCCDRX3_CCTGATTGGCTCAGTT.final.name.vcf
chr1,chr1,HWJCCDRX3_CCTGATTGGCTCAGTT.final.name.vcf
chr1,chr1,HWJCCDRX3_GCCTATCAAATGGTCG.final.name.vcf
chr1,chr1,HWJCCDRX3_GCCTATCAAATGGTCG.final.name.vcf
chr1,chr1,HWJCCDRX3_GCCTATCAAATGGTCG.final.name.vcf
chr1,chr1,HWJCCDRX3_GCCTATCAAATGGTCG.final.name.vcf
chr1,chr1,HWJCCDRX3_GCCTATCAAATGGTCG.final.name.vcf
chr1,chr1,HWJCCDRX3_AGTGTTGGCATTGACG.final.name.vcf
chr1,chr1,HWJCCDRX3_AGTGTTGGCATTGACG.final.name.vcf
chr1,chr1,HWJCCDRX3_AGTGTTGGCATTGACG.final.name.vcf
chr1,chr1,HWJCCDRX3_AGTGTTGGCATTGACG.final.name.vcf
chr1,chr1,HWJCCDRX3_AGTGTTGGCATTGACG.final.name.vcf
chr1,chr1,HWJCCDRX3_ACATTGCGCTCGACTT.final.name.vcf
chr1,chr1,HWJCCDRX3_ACATTGCGCTCGACTT.final.name.vcf
chr1,chr1,HWJCCDRX3_ACATTGCGCTCGACTT.final.name.vcf
chr1,chr1,HWJCCDRX3_ACATTGCGCTCGACTT.final.name.vcf
chr1,chr1,HWJCCDRX3_ACATTGCGCTCGACTT.final.name.vcf
chr1,chr1,HWJCCDRX3_ACAGCAACTCCTGACT.final.name.vcf
chr1,chr1,HWJCCDRX3_ACAGCAACTCCTGACT.final.name.vcf
chr1,chr1,HWJCCDRX3_ACAGCAACTCCTGACT.final.name.vcf
chr1,chr1,HWJCCDRX3_ACAGCAACTCCTGACT.final.name.vcf
chr1,chr1,HWJCCDRX3_ACAGCAACTCCTGACT.final.name.vcf
chr1,chr1,HWJCCDRX3_CCGGAATTACCGAATG.final.name.vcf
chr1,chr1,HWJCCDRX3_CCGGAATTACCGAATG.final.name.vcf
chr1,chr1,HWJCCDRX3_CCGGAATTACCGAATG.final.name.vcf
chr1,chr1,HWJCCDRX3_CCGGAATTACCGAATG.final.name.vcf
chr1,chr1,HWJCCDRX3_CCGGAATTACCGAATG.final.name.vcf
chr1,chr1,HWJCCDRX3_TGGTAGCTAGGTGTTG.final.name.vcf
chr1,chr1,HWJCCDRX3_TGGTAGCTAGGTGTTG.final.name.vcf
chr1,chr1,HWJCCDRX3_TGGTAGCTAGGTGTTG.final.name.vcf
chr1,chr1,HWJCCDRX3_TGGTAGCTAGGTGTTG.final.name.vcf
chr1,chr1,HWJCCDRX3_TGGTAGCTAGGTGTTG.final.name.vcf
chr1,chr1,HWJCCDRX3_GTTGCGATGACTTGTG.final.name.vcf
chr1,chr1,HWJCCDRX3_GTTGCGATGACTTGTG.final.name.vcf
chr1,chr1,HWJCCDRX3_GTTGCGATGACTTGTG.final.name.vcf
chr1,chr1,HWJCCDRX3_GTTGCGATGACTTGTG.final.name.vcf
chr1,chr1,HWJCCDRX3_GTTGCGATGACTTGTG.final.name.vcf
chr1,chr1,HWJCCDRX3_AGTTACGGGAGACCAA.final.name.vcf
chr1,chr1,HWJCCDRX3_AGTTACGGGAGACCAA.final.name.vcf
chr1,chr1,HWJCCDRX3_AGTTACGGGAGACCAA.final.name.vcf
chr1,chr1,HWJCCDRX3_AGTTACGGGAGACCAA.final.name.vcf
chr1,chr1,HWJCCDRX3_AGTTACGGGAGACCAA.final.name.vcf
chr1,chr1,HWJCCDRX3_TCGTGGATACCTAGAC.final.name.vcf
chr1,chr1,HWJCCDRX3_TCGTGGATACCTAGAC.final.name.vcf
chr1,chr1,HWJCCDRX3_TCGTGGATACCTAGAC.final.name.vcf
chr2,chr2,HWJCCDRX3_TCGTGGATACCTAGAC.final.name.vcf
chr2,chr2,HWJCCDRX3_TCGTGGATACCTAGAC.final.name.vcf
chr1,chr1,HWJCCDRX3_CAAGCAGTTCGTCTGA.final.name.vcf
chr1,chr1,HWJCCDRX3_CAAGCAGTTCGTCTGA.final.name.vcf
chr1,chr1,HWJCCDRX3_CAAGCAGTTCGTCTGA.final.name.vcf
chr1,chr1,HWJCCDRX3_CAAGCAGTTCGTCTGA.final.name.vcf
chr2,chr2,HWJCCDRX3_CAAGCAGTTCGTCTGA.final.name.vcf
chr1,chr1,HWJCCDRX3_AATGGACGGTGAGACT.final.name.vcf
chr1,chr1,HWJCCDRX3_AATGGACGGTGAGACT.final.name.vcf
chr1,chr1,HWJCCDRX3_AATGGACGGTGAGACT.final.name.vcf
chr1,chr1,HWJCCDRX3_AATGGACGGTGAGACT.final.name.vcf
chr1,chr1,HWJCCDRX3_AATGGACGGTGAGACT.final.name.vcf
chr1,chr1,HWJCCDRX3_TTCGTTGGTACACACG.final.name.vcf
chr1,chr1,HWJCCDRX3_TTCGTTGGTACACACG.final.name.vcf
chr1,chr1,HWJCCDRX3_TTCGTTGGTACACACG.final.name.vcf
chr1,chr1,HWJCCDRX3_TTCGTTGGTACACACG.final.name.vcf
chr1,chr1,HWJCCDRX3_TTCGTTGGTACACACG.final.name.vcf
chr1,chr1,HWJCCDRX3_GTAGAGCATATGACCG.final.name.vcf
chr1,chr1,HWJCCDRX3_GTAGAGCATATGACCG.final.name.vcf
chr1,chr1,HWJCCDRX3_GTAGAGCATATGACCG.final.name.vcf
chr2,chr2,HWJCCDRX3_GTAGAGCATATGACCG.final.name.vcf
chr2,chr2,HWJCCDRX3_GTAGAGCATATGACCG.final.name.vcf
chr1,chr1,HWJCCDRX3_ACGACTTGAACAGCGA.final.name.vcf
chr1,chr1,HWJCCDRX3_ACGACTTGAACAGCGA.final.name.vcf
chr1,chr1,HWJCCDRX3_ACGACTTGAACAGCGA.final.name.vcf
chr1,chr1,HWJCCDRX3_ACGACTTGAACAGCGA.final.name.vcf
chr2,chr2,HWJCCDRX3_ACGACTTGAACAGCGA.final.name.vcf
chr1,chr1,HWJCCDRX3_GCTTAGCTTGTCAGTG.final.name.vcf
chr1,chr1,HWJCCDRX3_GCTTAGCTTGTCAGTG.final.name.vcf
chr1,chr1,HWJCCDRX3_GCTTAGCTTGTCAGTG.final.name.vcf
chr1,chr1,HWJCCDRX3_GCTTAGCTTGTCAGTG.final.name.vcf
chr1,chr1,HWJCCDRX3_GCTTAGCTTGTCAGTG.final.name.vcf
chr1,chr1,HWJCCDRX3_CCGATGTACAACTTGG.final.name.vcf
chr1,chr1,HWJCCDRX3_CCGATGTACAACTTGG.final.name.vcf
chr1,chr1,HWJCCDRX3_CCGATGTACAACTTGG.final.name.vcf
chr1,chr1,HWJCCDRX3_CCGATGTACAACTTGG.final.name.vcf
chr1,chr1,HWJCCDRX3_CCGATGTACAACTTGG.final.name.vcf
chr1,chr1,HWJCCDRX3_CTTCGTTCGAGAAGGT.final.name.vcf
chr1,chr1,HWJCCDRX3_CTTCGTTCGAGAAGGT.final.name.vcf
chr1,chr1,HWJCCDRX3_CTTCGTTCGAGAAGGT.final.name.vcf
chr1,chr1,HWJCCDRX3_CTTCGTTCGAGAAGGT.final.name.vcf
chr2,chr2,HWJCCDRX3_CTTCGTTCGAGAAGGT.final.name.vcf
chr1,chr1,HWJCCDRX3_TGTGGTACCATCTGCT.final.name.vcf
chr1,chr1,HWJCCDRX3_TGTGGTACCATCTGCT.final.name.vcf
chr1,chr1,HWJCCDRX3_TGTGGTACCATCTGCT.final.name.vcf
chr1,chr1,HWJCCDRX3_TGTGGTACCATCTGCT.final.name.vcf
chr1,chr1,HWJCCDRX3_TGTGGTACCATCTGCT.final.name.vcf
chr1,chr1,HWJCCDRX3_CGGTTGTTGTGGTATG.final.name.vcf
chr1,chr1,HWJCCDRX3_CGGTTGTTGTGGTATG.final.name.vcf
chr1,chr1,HWJCCDRX3_CGGTTGTTGTGGTATG.final.name.vcf
chr1,chr1,HWJCCDRX3_CGGTTGTTGTGGTATG.final.name.vcf
chr2,chr2,HWJCCDRX3_CGGTTGTTGTGGTATG.final.name.vcf
chr1,chr1,HWJCCDRX3_ACCATGTGTTACGTGC.final.name.vcf
chr1,chr1,HWJCCDRX3_ACCATGTGTTACGTGC.final.name.vcf
chr1,chr1,HWJCCDRX3_ACCATGTGTTACGTGC.final.name.vcf
chr1,chr1,HWJCCDRX3_ACCATGTGTTACGTGC.final.name.vcf
chr1,chr1,HWJCCDRX3_ACCATGTGTTACGTGC.final.name.vcf
chr1,chr1,HWJCCDRX3_ACGACAGACGCAACTA.final.name.vcf
chr1,chr1,HWJCCDRX3_ACGACAGACGCAACTA.final.name.vcf
chr1,chr1,HWJCCDRX3_ACGACAGACGCAACTA.final.name.vcf
chr1,chr1,HWJCCDRX3_ACGACAGACGCAACTA.final.name.vcf
chr1,chr1,HWJCCDRX3_ACGACAGACGCAACTA.final.name.vcf
chr1,chr1,HWJCCDRX3_TGGAGAGTAGGTAGGA.final.name.vcf
chr1,chr1,HWJCCDRX3_TGGAGAGTAGGTAGGA.final.name.vcf
chr1,chr1,HWJCCDRX3_TGGAGAGTAGGTAGGA.final.name.vcf
chr1,chr1,HWJCCDRX3_TGGAGAGTAGGTAGGA.final.name.vcf
chr1,chr1,HWJCCDRX3_TGGAGAGTAGGTAGGA.final.name.vcf
chr1,chr1,HWJCCDRX3_ATGCCAACTTACCGAC.final.name.vcf
chr1,chr1,HWJCCDRX3_ATGCCAACTTACCGAC.final.name.vcf
chr1,chr1,HWJCCDRX3_ATGCCAACTTACCGAC.final.name.vcf
chr1,chr1,HWJCCDRX3_ATGCCAACTTACCGAC.final.name.vcf
chr1,chr1,HWJCCDRX3_ATGCCAACTTACCGAC.final.name.vcf
chr1,chr1,HWJCCDRX3_CGCAATCTACAGGCAT.final.name.vcf
chr1,chr1,HWJCCDRX3_CGCAATCTACAGGCAT.final.name.vcf
chr1,chr1,HWJCCDRX3_CGCAATCTACAGGCAT.final.name.vcf
chr1,chr1,HWJCCDRX3_CGCAATCTACAGGCAT.final.name.vcf
chr1,chr1,HWJCCDRX3_CGCAATCTACAGGCAT.final.name.vcf
chr1,chr1,HWJCCDRX3_GTGCTTACTTCCTCCT.final.name.vcf
chr1,chr1,HWJCCDRX3_GTGCTTACTTCCTCCT.final.name.vcf
chr1,chr1,HWJCCDRX3_GTGCTTACTTCCTCCT.final.name.vcf
chr1,chr1,HWJCCDRX3_GTGCTTACTTCCTCCT.final.name.vcf
chr1,chr1,HWJCCDRX3_GTGCTTACTTCCTCCT.final.name.vcf
chr1,chr1,HWJCCDRX3_CTCCTAGAGCTTCACA.final.name.vcf
chr1,chr1,HWJCCDRX3_CTCCTAGAGCTTCACA.final.name.vcf
chr1,chr1,HWJCCDRX3_CTCCTAGAGCTTCACA.final.name.vcf
chr2,chr2,HWJCCDRX3_CTCCTAGAGCTTCACA.final.name.vcf
chr2,chr2,HWJCCDRX3_CTCCTAGAGCTTCACA.final.name.vcf
chr1,chr1,HWJCCDRX3_CAACACCTAGCTACCA.final.name.vcf
chr1,chr1,HWJCCDRX3_CAACACCTAGCTACCA.final.name.vcf
chr1,chr1,HWJCCDRX3_CAACACCTAGCTACCA.final.name.vcf
chr1,chr1,HWJCCDRX3_CAACACCTAGCTACCA.final.name.vcf
chr1,chr1,HWJCCDRX3_CAACACCTAGCTACCA.final.name.vcf
chr1,chr1,HWJCCDRX3_TGCGAACTCAACCGTA.final.name.vcf
chr1,chr1,HWJCCDRX3_TGCGAACTCAACCGTA.final.name.vcf
chr1,chr1,HWJCCDRX3_TGCGAACTCAACCGTA.final.name.vcf
chr1,chr1,HWJCCDRX3_TGCGAACTCAACCGTA.final.name.vcf
chr1,chr1,HWJCCDRX3_TGCGAACTCAACCGTA.final.name.vcf
chr1,chr1,HWJCCDRX3_GTCAGTTGCGATTGGA.final.name.vcf
chr1,chr1,HWJCCDRX3_GTCAGTTGCGATTGGA.final.name.vcf
chr1,chr1,HWJCCDRX3_GTCAGTTGCGATTGGA.final.name.vcf
chr1,chr1,HWJCCDRX3_GTCAGTTGCGATTGGA.final.name.vcf
chr1,chr1,HWJCCDRX3_GTCAGTTGCGATTGGA.final.name.vcf
chr1,chr1,HWJCCDRX3_TCTCGCAAACAAGACG.final.name.vcf
chr1,chr1,HWJCCDRX3_TCTCGCAAACAAGACG.final.name.vcf
chr1,chr1,HWJCCDRX3_TCTCGCAAACAAGACG.final.name.vcf
chr1,chr1,HWJCCDRX3_TCTCGCAAACAAGACG.final.name.vcf
chr1,chr1,HWJCCDRX3_TCTCGCAAACAAGACG.final.name.vcf
chr1,chr1,HWJCCDRX3_CCTCAGTTCAGCATAC.final.name.vcf
chr1,chr1,HWJCCDRX3_CCTCAGTTCAGCATAC.final.name.vcf
chr1,chr1,HWJCCDRX3_CCTCAGTTCAGCATAC.final.name.vcf
chr1,chr1,HWJCCDRX3_CCTCAGTTCAGCATAC.final.name.vcf
chr1,chr1,HWJCCDRX3_CCTCAGTTCAGCATAC.final.name.vcf
chr1,chr1,HWJCCDRX3_AGAACGAGATTAGCCG.final.name.vcf
chr1,chr1,HWJCCDRX3_AGAACGAGATTAGCCG.final.name.vcf
chr1,chr1,HWJCCDRX3_AGAACGAGATTAGCCG.final.name.vcf
chr1,chr1,HWJCCDRX3_AGAACGAGATTAGCCG.final.name.vcf
chr1,chr1,HWJCCDRX3_AGAACGAGATTAGCCG.final.name.vcf
chr1,chr1,HWJCCDRX3_CAAGTGCACATACTCG.final.name.vcf
chr1,chr1,HWJCCDRX3_CAAGTGCACATACTCG.final.name.vcf
chr1,chr1,HWJCCDRX3_CAAGTGCACATACTCG.final.name.vcf
chr1,chr1,HWJCCDRX3_CAAGTGCACATACTCG.final.name.vcf
chr1,chr1,HWJCCDRX3_CAAGTGCACATACTCG.final.name.vcf
chr1,chr1,HWJCCDRX3_ACTCGTTGGCGTATCA.final.name.vcf
chr1,chr1,HWJCCDRX3_ACTCGTTGGCGTATCA.final.name.vcf
chr1,chr1,HWJCCDRX3_ACTCGTTGGCGTATCA.final.name.vcf
chr1,chr1,HWJCCDRX3_ACTCGTTGGCGTATCA.final.name.vcf
chr2,chr2,HWJCCDRX3_ACTCGTTGGCGTATCA.final.name.vcf
chr1,chr1,HWJCCDRX3_GATTGCTCCACTTCAC.final.name.vcf
chr1,chr1,HWJCCDRX3_GATTGCTCCACTTCAC.final.name.vcf
chr1,chr1,HWJCCDRX3_GATTGCTCCACTTCAC.final.name.vcf
chr1,chr1,HWJCCDRX3_GATTGCTCCACTTCAC.final.name.vcf
chr1,chr1,HWJCCDRX3_GATTGCTCCACTTCAC.final.name.vcf
chr1,chr1,HWJCCDRX3_ACACGGTTTGGTTCGA.final.name.vcf
chr1,chr1,HWJCCDRX3_ACACGGTTTGGTTCGA.final.name.vcf
chr1,chr1,HWJCCDRX3_ACACGGTTTGGTTCGA.final.name.vcf
chr1,chr1,HWJCCDRX3_ACACGGTTTGGTTCGA.final.name.vcf
chr1,chr1,HWJCCDRX3_ACACGGTTTGGTTCGA.final.name.vcf
chr1,chr1,HWJCCDRX3_TAGTTGCGTCTGTCGT.final.name.vcf
chr1,chr1,HWJCCDRX3_TAGTTGCGTCTGTCGT.final.name.vcf
chr1,chr1,HWJCCDRX3_TAGTTGCGTCTGTCGT.final.name.vcf
chr1,chr1,HWJCCDRX3_TAGTTGCGTCTGTCGT.final.name.vcf
chr1,chr1,HWJCCDRX3_TAGTTGCGTCTGTCGT.final.name.vcf
